url,slug,season,pattern,status
https://www.topyacht.net.au/results/2019/bbsc/index.htm,bbsc,2019,season/slug,404
https://www.topyacht.net.au/results/bbsc/2019/club/index.htm,bbsc,2019,slug/season/club,404
https://www.topyacht.net.au/results/2019-20/bbsc/index.htm,bbsc,2019-20,season/slug,404
https://www.topyacht.net.au/results/bbsc/2019-20/club/index.htm,bbsc,2019-20,slug/season/club,404
https://www.topyacht.net.au/results/2019-2020/bbsc/index.htm,bbsc,2019-2020,season/slug,404
https://www.topyacht.net.au/results/bbsc/2019-2020/club/index.htm,bbsc,2019-2020,slug/season/club,404
https://www.topyacht.net.au/results/2020/bbsc/index.htm,bbsc,2020,season/slug,404
https://www.topyacht.net.au/results/bbsc/2020/club/index.htm,bbsc,2020,slug/season/club,404
https://www.topyacht.net.au/results/2020-21/bbsc/index.htm,bbsc,2020-21,season/slug,404
https://www.topyacht.net.au/results/bbsc/2020-21/club/index.htm,bbsc,2020-21,slug/season/club,404
https://www.topyacht.net.au/results/2020-2021/bbsc/index.htm,bbsc,2020-2021,season/slug,404
https://www.topyacht.net.au/results/bbsc/2020-2021/club/index.htm,bbsc,2020-2021,slug/season/club,404
https://www.topyacht.net.au/results/2021/bbsc/index.htm,bbsc,2021,season/slug,404
https://www.topyacht.net.au/results/bbsc/2021/club/index.htm,bbsc,2021,slug/season/club,404
https://www.topyacht.net.au/results/2021-22/bbsc/index.htm,bbsc,2021-22,season/slug,404
https://www.topyacht.net.au/results/bbsc/2021-22/club/index.htm,bbsc,2021-22,slug/season/club,404
https://www.topyacht.net.au/results/2021-2022/bbsc/index.htm,bbsc,2021-2022,season/slug,404
https://www.topyacht.net.au/results/bbsc/2021-2022/club/index.htm,bbsc,2021-2022,slug/season/club,404
https://www.topyacht.net.au/results/2022/bbsc/index.htm,bbsc,2022,season/slug,404
https://www.topyacht.net.au/results/bbsc/2022/club/index.htm,bbsc,2022,slug/season/club,404
https://www.topyacht.net.au/results/2022-23/bbsc/index.htm,bbsc,2022-23,season/slug,404
https://www.topyacht.net.au/results/bbsc/2022-23/club/index.htm,bbsc,2022-23,slug/season/club,404
https://www.topyacht.net.au/results/2022-2023/bbsc/index.htm,bbsc,2022-2023,season/slug,404
https://www.topyacht.net.au/results/bbsc/2022-2023/club/index.htm,bbsc,2022-2023,slug/season/club,404
https://www.topyacht.net.au/results/2023/bbsc/index.htm,bbsc,2023,season/slug,404
https://www.topyacht.net.au/results/bbsc/2023/club/index.htm,bbsc,2023,slug/season/club,404
https://www.topyacht.net.au/results/2023-24/bbsc/index.htm,bbsc,2023-24,season/slug,404
https://www.topyacht.net.au/results/bbsc/2023-24/club/index.htm,bbsc,2023-24,slug/season/club,404
https://www.topyacht.net.au/results/2023-2024/bbsc/index.htm,bbsc,2023-2024,season/slug,404
https://www.topyacht.net.au/results/bbsc/2023-2024/club/index.htm,bbsc,2023-2024,slug/season/club,404
https://www.topyacht.net.au/results/2024/bbsc/index.htm,bbsc,2024,season/slug,404
https://www.topyacht.net.au/results/bbsc/2024/club/index.htm,bbsc,2024,slug/season/club,404
https://www.topyacht.net.au/results/2024-25/bbsc/index.htm,bbsc,2024-25,season/slug,404
https://www.topyacht.net.au/results/bbsc/2024-25/club/index.htm,bbsc,2024-25,slug/season/club,404
https://www.topyacht.net.au/results/2024-2025/bbsc/index.htm,bbsc,2024-2025,season/slug,404
https://www.topyacht.net.au/results/bbsc/2024-2025/club/index.htm,bbsc,2024-2025,slug/season/club,404
https://www.topyacht.net.au/results/2025/bbsc/index.htm,bbsc,2025,season/slug,404
https://www.topyacht.net.au/results/bbsc/2025/club/index.htm,bbsc,2025,slug/season/club,404
https://www.topyacht.net.au/results/2025-26/bbsc/index.htm,bbsc,2025-26,season/slug,404
https://www.topyacht.net.au/results/bbsc/2025-26/club/index.htm,bbsc,2025-26,slug/season/club,404
https://www.topyacht.net.au/results/2025-2026/bbsc/index.htm,bbsc,2025-2026,season/slug,404
https://www.topyacht.net.au/results/bbsc/2025-2026/club/index.htm,bbsc,2025-2026,slug/season/club,404
https://www.topyacht.net.au/results/2019/byc/index.htm,byc,2019,season/slug,404
https://www.topyacht.net.au/results/byc/2019/club/index.htm,byc,2019,slug/season/club,404
https://www.topyacht.net.au/results/2019-20/byc/index.htm,byc,2019-20,season/slug,404
https://www.topyacht.net.au/results/byc/2019-20/club/index.htm,byc,2019-20,slug/season/club,404
https://www.topyacht.net.au/results/2019-2020/byc/index.htm,byc,2019-2020,season/slug,404
https://www.topyacht.net.au/results/byc/2019-2020/club/index.htm,byc,2019-2020,slug/season/club,404
https://www.topyacht.net.au/results/2020/byc/index.htm,byc,2020,season/slug,404
https://www.topyacht.net.au/results/byc/2020/club/index.htm,byc,2020,slug/season/club,404
https://www.topyacht.net.au/results/2020-21/byc/index.htm,byc,2020-21,season/slug,404
https://www.topyacht.net.au/results/byc/2020-21/club/index.htm,byc,2020-21,slug/season/club,404
https://www.topyacht.net.au/results/2020-2021/byc/index.htm,byc,2020-2021,season/slug,404
https://www.topyacht.net.au/results/byc/2020-2021/club/index.htm,byc,2020-2021,slug/season/club,404
https://www.topyacht.net.au/results/2021/byc/index.htm,byc,2021,season/slug,404
https://www.topyacht.net.au/results/byc/2021/club/index.htm,byc,2021,slug/season/club,404
https://www.topyacht.net.au/results/2021-22/byc/index.htm,byc,2021-22,season/slug,404
https://www.topyacht.net.au/results/byc/2021-22/club/index.htm,byc,2021-22,slug/season/club,404
https://www.topyacht.net.au/results/2021-2022/byc/index.htm,byc,2021-2022,season/slug,404
https://www.topyacht.net.au/results/byc/2021-2022/club/index.htm,byc,2021-2022,slug/season/club,404
https://www.topyacht.net.au/results/2022/byc/index.htm,byc,2022,season/slug,404
https://www.topyacht.net.au/results/byc/2022/club/index.htm,byc,2022,slug/season/club,404
https://www.topyacht.net.au/results/2022-23/byc/index.htm,byc,2022-23,season/slug,404
https://www.topyacht.net.au/results/byc/2022-23/club/index.htm,byc,2022-23,slug/season/club,404
https://www.topyacht.net.au/results/2022-2023/byc/index.htm,byc,2022-2023,season/slug,000000
https://www.topyacht.net.au/results/byc/2022-2023/club/index.htm,byc,2022-2023,slug/season/club,404
https://www.topyacht.net.au/results/2023/byc/index.htm,byc,2023,season/slug,404
https://www.topyacht.net.au/results/byc/2023/club/index.htm,byc,2023,slug/season/club,404
https://www.topyacht.net.au/results/2023-24/byc/index.htm,byc,2023-24,season/slug,404
https://www.topyacht.net.au/results/byc/2023-24/club/index.htm,byc,2023-24,slug/season/club,404
https://www.topyacht.net.au/results/2023-2024/byc/index.htm,byc,2023-2024,season/slug,404
https://www.topyacht.net.au/results/byc/2023-2024/club/index.htm,byc,2023-2024,slug/season/club,404
https://www.topyacht.net.au/results/2024/byc/index.htm,byc,2024,season/slug,404
https://www.topyacht.net.au/results/byc/2024/club/index.htm,byc,2024,slug/season/club,404
https://www.topyacht.net.au/results/2024-25/byc/index.htm,byc,2024-25,season/slug,404
https://www.topyacht.net.au/results/byc/2024-25/club/index.htm,byc,2024-25,slug/season/club,404
https://www.topyacht.net.au/results/2024-2025/byc/index.htm,byc,2024-2025,season/slug,404
https://www.topyacht.net.au/results/byc/2024-2025/club/index.htm,byc,2024-2025,slug/season/club,404
https://www.topyacht.net.au/results/2025/byc/index.htm,byc,2025,season/slug,404
https://www.topyacht.net.au/results/byc/2025/club/index.htm,byc,2025,slug/season/club,404
https://www.topyacht.net.au/results/2025-26/byc/index.htm,byc,2025-26,season/slug,404
https://www.topyacht.net.au/results/byc/2025-26/club/index.htm,byc,2025-26,slug/season/club,404
https://www.topyacht.net.au/results/2025-2026/byc/index.htm,byc,2025-2026,season/slug,404
https://www.topyacht.net.au/results/byc/2025-2026/club/index.htm,byc,2025-2026,slug/season/club,404
https://www.topyacht.net.au/results/2019/cyca/index.htm,cyca,2019,season/slug,404
https://www.topyacht.net.au/results/cyca/2019/club/index.htm,cyca,2019,slug/season/club,404
https://www.topyacht.net.au/results/2019-20/cyca/index.htm,cyca,2019-20,season/slug,404
https://www.topyacht.net.au/results/cyca/2019-20/club/index.htm,cyca,2019-20,slug/season/club,404
https://www.topyacht.net.au/results/2019-2020/cyca/index.htm,cyca,2019-2020,season/slug,404
https://www.topyacht.net.au/results/cyca/2019-2020/club/index.htm,cyca,2019-2020,slug/season/club,404
https://www.topyacht.net.au/results/2020/cyca/index.htm,cyca,2020,season/slug,404
https://www.topyacht.net.au/results/cyca/2020/club/index.htm,cyca,2020,slug/season/club,404
https://www.topyacht.net.au/results/2020-21/cyca/index.htm,cyca,2020-21,season/slug,404
https://www.topyacht.net.au/results/cyca/2020-21/club/index.htm,cyca,2020-21,slug/season/club,404
https://www.topyacht.net.au/results/2020-2021/cyca/index.htm,cyca,2020-2021,season/slug,404
https://www.topyacht.net.au/results/cyca/2020-2021/club/index.htm,cyca,2020-2021,slug/season/club,404
https://www.topyacht.net.au/results/2021/cyca/index.htm,cyca,2021,season/slug,404
https://www.topyacht.net.au/results/cyca/2021/club/index.htm,cyca,2021,slug/season/club,404
https://www.topyacht.net.au/results/2021-22/cyca/index.htm,cyca,2021-22,season/slug,404
https://www.topyacht.net.au/results/cyca/2021-22/club/index.htm,cyca,2021-22,slug/season/club,404
https://www.topyacht.net.au/results/2021-2022/cyca/index.htm,cyca,2021-2022,season/slug,404
https://www.topyacht.net.au/results/cyca/2021-2022/club/index.htm,cyca,2021-2022,slug/season/club,404
https://www.topyacht.net.au/results/2022/cyca/index.htm,cyca,2022,season/slug,404
https://www.topyacht.net.au/results/cyca/2022/club/index.htm,cyca,2022,slug/season/club,404
https://www.topyacht.net.au/results/2022-23/cyca/index.htm,cyca,2022-23,season/slug,404
https://www.topyacht.net.au/results/cyca/2022-23/club/index.htm,cyca,2022-23,slug/season/club,404
https://www.topyacht.net.au/results/2022-2023/cyca/index.htm,cyca,2022-2023,season/slug,404
https://www.topyacht.net.au/results/cyca/2022-2023/club/index.htm,cyca,2022-2023,slug/season/club,404
https://www.topyacht.net.au/results/2023/cyca/index.htm,cyca,2023,season/slug,404
https://www.topyacht.net.au/results/cyca/2023/club/index.htm,cyca,2023,slug/season/club,404
https://www.topyacht.net.au/results/2023-24/cyca/index.htm,cyca,2023-24,season/slug,404
https://www.topyacht.net.au/results/cyca/2023-24/club/index.htm,cyca,2023-24,slug/season/club,404
https://www.topyacht.net.au/results/2023-2024/cyca/index.htm,cyca,2023-2024,season/slug,404
https://www.topyacht.net.au/results/cyca/2023-2024/club/index.htm,cyca,2023-2024,slug/season/club,404
https://www.topyacht.net.au/results/2024/cyca/index.htm,cyca,2024,season/slug,404
https://www.topyacht.net.au/results/cyca/2024/club/index.htm,cyca,2024,slug/season/club,404
https://www.topyacht.net.au/results/2024-25/cyca/index.htm,cyca,2024-25,season/slug,404
https://www.topyacht.net.au/results/cyca/2024-25/club/index.htm,cyca,2024-25,slug/season/club,404
https://www.topyacht.net.au/results/2024-2025/cyca/index.htm,cyca,2024-2025,season/slug,404
https://www.topyacht.net.au/results/cyca/2024-2025/club/index.htm,cyca,2024-2025,slug/season/club,404
https://www.topyacht.net.au/results/2025/cyca/index.htm,cyca,2025,season/slug,404
https://www.topyacht.net.au/results/cyca/2025/club/index.htm,cyca,2025,slug/season/club,404
https://www.topyacht.net.au/results/2025-26/cyca/index.htm,cyca,2025-26,season/slug,404
https://www.topyacht.net.au/results/cyca/2025-26/club/index.htm,cyca,2025-26,slug/season/club,404
https://www.topyacht.net.au/results/2025-2026/cyca/index.htm,cyca,2025-2026,season/slug,404
https://www.topyacht.net.au/results/cyca/2025-2026/club/index.htm,cyca,2025-2026,slug/season/club,404
https://www.topyacht.net.au/results/2019/cycsa/index.htm,cycsa,2019,season/slug,404
https://www.topyacht.net.au/results/cycsa/2019/club/index.htm,cycsa,2019,slug/season/club,200
https://www.topyacht.net.au/results/2019-20/cycsa/index.htm,cycsa,2019-20,season/slug,404
https://www.topyacht.net.au/results/cycsa/2019-20/club/index.htm,cycsa,2019-20,slug/season/club,404
https://www.topyacht.net.au/results/2019-2020/cycsa/index.htm,cycsa,2019-2020,season/slug,404
https://www.topyacht.net.au/results/cycsa/2019-2020/club/index.htm,cycsa,2019-2020,slug/season/club,404
https://www.topyacht.net.au/results/2020/cycsa/index.htm,cycsa,2020,season/slug,404
https://www.topyacht.net.au/results/cycsa/2020/club/index.htm,cycsa,2020,slug/season/club,200
https://www.topyacht.net.au/results/2020-21/cycsa/index.htm,cycsa,2020-21,season/slug,404
https://www.topyacht.net.au/results/cycsa/2020-21/club/index.htm,cycsa,2020-21,slug/season/club,404
https://www.topyacht.net.au/results/2020-2021/cycsa/index.htm,cycsa,2020-2021,season/slug,404
https://www.topyacht.net.au/results/cycsa/2020-2021/club/index.htm,cycsa,2020-2021,slug/season/club,404
https://www.topyacht.net.au/results/2021/cycsa/index.htm,cycsa,2021,season/slug,404
https://www.topyacht.net.au/results/cycsa/2021/club/index.htm,cycsa,2021,slug/season/club,200
https://www.topyacht.net.au/results/2021-22/cycsa/index.htm,cycsa,2021-22,season/slug,404
https://www.topyacht.net.au/results/cycsa/2021-22/club/index.htm,cycsa,2021-22,slug/season/club,404
https://www.topyacht.net.au/results/2021-2022/cycsa/index.htm,cycsa,2021-2022,season/slug,404
https://www.topyacht.net.au/results/cycsa/2021-2022/club/index.htm,cycsa,2021-2022,slug/season/club,404
https://www.topyacht.net.au/results/2022/cycsa/index.htm,cycsa,2022,season/slug,404
https://www.topyacht.net.au/results/cycsa/2022/club/index.htm,cycsa,2022,slug/season/club,200
https://www.topyacht.net.au/results/2022-23/cycsa/index.htm,cycsa,2022-23,season/slug,404
https://www.topyacht.net.au/results/cycsa/2022-23/club/index.htm,cycsa,2022-23,slug/season/club,404
https://www.topyacht.net.au/results/2022-2023/cycsa/index.htm,cycsa,2022-2023,season/slug,404
https://www.topyacht.net.au/results/cycsa/2022-2023/club/index.htm,cycsa,2022-2023,slug/season/club,404
https://www.topyacht.net.au/results/2023/cycsa/index.htm,cycsa,2023,season/slug,404
https://www.topyacht.net.au/results/cycsa/2023/club/index.htm,cycsa,2023,slug/season/club,404
https://www.topyacht.net.au/results/2023-24/cycsa/index.htm,cycsa,2023-24,season/slug,404
https://www.topyacht.net.au/results/cycsa/2023-24/club/index.htm,cycsa,2023-24,slug/season/club,404
https://www.topyacht.net.au/results/2023-2024/cycsa/index.htm,cycsa,2023-2024,season/slug,404
https://www.topyacht.net.au/results/cycsa/2023-2024/club/index.htm,cycsa,2023-2024,slug/season/club,404
https://www.topyacht.net.au/results/2024/cycsa/index.htm,cycsa,2024,season/slug,404
https://www.topyacht.net.au/results/cycsa/2024/club/index.htm,cycsa,2024,slug/season/club,404
https://www.topyacht.net.au/results/2024-25/cycsa/index.htm,cycsa,2024-25,season/slug,404
https://www.topyacht.net.au/results/cycsa/2024-25/club/index.htm,cycsa,2024-25,slug/season/club,404
https://www.topyacht.net.au/results/2024-2025/cycsa/index.htm,cycsa,2024-2025,season/slug,404
https://www.topyacht.net.au/results/cycsa/2024-2025/club/index.htm,cycsa,2024-2025,slug/season/club,404
https://www.topyacht.net.au/results/2025/cycsa/index.htm,cycsa,2025,season/slug,404
https://www.topyacht.net.au/results/cycsa/2025/club/index.htm,cycsa,2025,slug/season/club,200
https://www.topyacht.net.au/results/2025-26/cycsa/index.htm,cycsa,2025-26,season/slug,404
https://www.topyacht.net.au/results/cycsa/2025-26/club/index.htm,cycsa,2025-26,slug/season/club,404
https://www.topyacht.net.au/results/2025-2026/cycsa/index.htm,cycsa,2025-2026,season/slug,404
https://www.topyacht.net.au/results/cycsa/2025-2026/club/index.htm,cycsa,2025-2026,slug/season/club,404
https://www.topyacht.net.au/results/2019/hbyc/index.htm,hbyc,2019,season/slug,404
https://www.topyacht.net.au/results/hbyc/2019/club/index.htm,hbyc,2019,slug/season/club,404
https://www.topyacht.net.au/results/2019-20/hbyc/index.htm,hbyc,2019-20,season/slug,404
https://www.topyacht.net.au/results/hbyc/2019-20/club/index.htm,hbyc,2019-20,slug/season/club,404
https://www.topyacht.net.au/results/2019-2020/hbyc/index.htm,hbyc,2019-2020,season/slug,404
https://www.topyacht.net.au/results/hbyc/2019-2020/club/index.htm,hbyc,2019-2020,slug/season/club,404
https://www.topyacht.net.au/results/2020/hbyc/index.htm,hbyc,2020,season/slug,404
https://www.topyacht.net.au/results/hbyc/2020/club/index.htm,hbyc,2020,slug/season/club,404
https://www.topyacht.net.au/results/2020-21/hbyc/index.htm,hbyc,2020-21,season/slug,404
https://www.topyacht.net.au/results/hbyc/2020-21/club/index.htm,hbyc,2020-21,slug/season/club,404
https://www.topyacht.net.au/results/2020-2021/hbyc/index.htm,hbyc,2020-2021,season/slug,404
https://www.topyacht.net.au/results/hbyc/2020-2021/club/index.htm,hbyc,2020-2021,slug/season/club,404
https://www.topyacht.net.au/results/2021/hbyc/index.htm,hbyc,2021,season/slug,404
https://www.topyacht.net.au/results/hbyc/2021/club/index.htm,hbyc,2021,slug/season/club,404
https://www.topyacht.net.au/results/2021-22/hbyc/index.htm,hbyc,2021-22,season/slug,404
https://www.topyacht.net.au/results/hbyc/2021-22/club/index.htm,hbyc,2021-22,slug/season/club,404
https://www.topyacht.net.au/results/2021-2022/hbyc/index.htm,hbyc,2021-2022,season/slug,404
https://www.topyacht.net.au/results/hbyc/2021-2022/club/index.htm,hbyc,2021-2022,slug/season/club,404
https://www.topyacht.net.au/results/2022/hbyc/index.htm,hbyc,2022,season/slug,404
https://www.topyacht.net.au/results/hbyc/2022/club/index.htm,hbyc,2022,slug/season/club,404
https://www.topyacht.net.au/results/2022-23/hbyc/index.htm,hbyc,2022-23,season/slug,404
https://www.topyacht.net.au/results/hbyc/2022-23/club/index.htm,hbyc,2022-23,slug/season/club,404
https://www.topyacht.net.au/results/2022-2023/hbyc/index.htm,hbyc,2022-2023,season/slug,404
https://www.topyacht.net.au/results/hbyc/2022-2023/club/index.htm,hbyc,2022-2023,slug/season/club,404
https://www.topyacht.net.au/results/2023/hbyc/index.htm,hbyc,2023,season/slug,404
https://www.topyacht.net.au/results/hbyc/2023/club/index.htm,hbyc,2023,slug/season/club,404
https://www.topyacht.net.au/results/2023-24/hbyc/index.htm,hbyc,2023-24,season/slug,404
https://www.topyacht.net.au/results/hbyc/2023-24/club/index.htm,hbyc,2023-24,slug/season/club,404
https://www.topyacht.net.au/results/2023-2024/hbyc/index.htm,hbyc,2023-2024,season/slug,404
https://www.topyacht.net.au/results/hbyc/2023-2024/club/index.htm,hbyc,2023-2024,slug/season/club,404
https://www.topyacht.net.au/results/2024/hbyc/index.htm,hbyc,2024,season/slug,404
https://www.topyacht.net.au/results/hbyc/2024/club/index.htm,hbyc,2024,slug/season/club,404
https://www.topyacht.net.au/results/2024-25/hbyc/index.htm,hbyc,2024-25,season/slug,404
https://www.topyacht.net.au/results/hbyc/2024-25/club/index.htm,hbyc,2024-25,slug/season/club,404
https://www.topyacht.net.au/results/2024-2025/hbyc/index.htm,hbyc,2024-2025,season/slug,404
https://www.topyacht.net.au/results/hbyc/2024-2025/club/index.htm,hbyc,2024-2025,slug/season/club,404
https://www.topyacht.net.au/results/2025/hbyc/index.htm,hbyc,2025,season/slug,404
https://www.topyacht.net.au/results/hbyc/2025/club/index.htm,hbyc,2025,slug/season/club,404
https://www.topyacht.net.au/results/2025-26/hbyc/index.htm,hbyc,2025-26,season/slug,404
https://www.topyacht.net.au/results/hbyc/2025-26/club/index.htm,hbyc,2025-26,slug/season/club,404
https://www.topyacht.net.au/results/2025-2026/hbyc/index.htm,hbyc,2025-2026,season/slug,404
https://www.topyacht.net.au/results/hbyc/2025-2026/club/index.htm,hbyc,2025-2026,slug/season/club,404
https://www.topyacht.net.au/results/2019/hyc/index.htm,hyc,2019,season/slug,404
https://www.topyacht.net.au/results/hyc/2019/club/index.htm,hyc,2019,slug/season/club,404
https://www.topyacht.net.au/results/2019-20/hyc/index.htm,hyc,2019-20,season/slug,404
https://www.topyacht.net.au/results/hyc/2019-20/club/index.htm,hyc,2019-20,slug/season/club,404
https://www.topyacht.net.au/results/2019-2020/hyc/index.htm,hyc,2019-2020,season/slug,404
https://www.topyacht.net.au/results/hyc/2019-2020/club/index.htm,hyc,2019-2020,slug/season/club,404
https://www.topyacht.net.au/results/2020/hyc/index.htm,hyc,2020,season/slug,404
https://www.topyacht.net.au/results/hyc/2020/club/index.htm,hyc,2020,slug/season/club,404
https://www.topyacht.net.au/results/2020-21/hyc/index.htm,hyc,2020-21,season/slug,404
https://www.topyacht.net.au/results/hyc/2020-21/club/index.htm,hyc,2020-21,slug/season/club,404
https://www.topyacht.net.au/results/2020-2021/hyc/index.htm,hyc,2020-2021,season/slug,404
https://www.topyacht.net.au/results/hyc/2020-2021/club/index.htm,hyc,2020-2021,slug/season/club,404
https://www.topyacht.net.au/results/2021/hyc/index.htm,hyc,2021,season/slug,404
https://www.topyacht.net.au/results/hyc/2021/club/index.htm,hyc,2021,slug/season/club,404
https://www.topyacht.net.au/results/2021-22/hyc/index.htm,hyc,2021-22,season/slug,404
https://www.topyacht.net.au/results/hyc/2021-22/club/index.htm,hyc,2021-22,slug/season/club,404
https://www.topyacht.net.au/results/2021-2022/hyc/index.htm,hyc,2021-2022,season/slug,404
https://www.topyacht.net.au/results/hyc/2021-2022/club/index.htm,hyc,2021-2022,slug/season/club,404
https://www.topyacht.net.au/results/2022/hyc/index.htm,hyc,2022,season/slug,404
https://www.topyacht.net.au/results/hyc/2022/club/index.htm,hyc,2022,slug/season/club,404
https://www.topyacht.net.au/results/2022-23/hyc/index.htm,hyc,2022-23,season/slug,404
https://www.topyacht.net.au/results/hyc/2022-23/club/index.htm,hyc,2022-23,slug/season/club,404
https://www.topyacht.net.au/results/2022-2023/hyc/index.htm,hyc,2022-2023,season/slug,404
https://www.topyacht.net.au/results/hyc/2022-2023/club/index.htm,hyc,2022-2023,slug/season/club,404
https://www.topyacht.net.au/results/2023/hyc/index.htm,hyc,2023,season/slug,404
https://www.topyacht.net.au/results/hyc/2023/club/index.htm,hyc,2023,slug/season/club,404
https://www.topyacht.net.au/results/2023-24/hyc/index.htm,hyc,2023-24,season/slug,404
https://www.topyacht.net.au/results/hyc/2023-24/club/index.htm,hyc,2023-24,slug/season/club,404
https://www.topyacht.net.au/results/2023-2024/hyc/index.htm,hyc,2023-2024,season/slug,404
https://www.topyacht.net.au/results/hyc/2023-2024/club/index.htm,hyc,2023-2024,slug/season/club,404
https://www.topyacht.net.au/results/2024/hyc/index.htm,hyc,2024,season/slug,404
https://www.topyacht.net.au/results/hyc/2024/club/index.htm,hyc,2024,slug/season/club,404
https://www.topyacht.net.au/results/2024-25/hyc/index.htm,hyc,2024-25,season/slug,404
https://www.topyacht.net.au/results/hyc/2024-25/club/index.htm,hyc,2024-25,slug/season/club,404
https://www.topyacht.net.au/results/2024-2025/hyc/index.htm,hyc,2024-2025,season/slug,404
https://www.topyacht.net.au/results/hyc/2024-2025/club/index.htm,hyc,2024-2025,slug/season/club,404
https://www.topyacht.net.au/results/2025/hyc/index.htm,hyc,2025,season/slug,404
https://www.topyacht.net.au/results/hyc/2025/club/index.htm,hyc,2025,slug/season/club,404
https://www.topyacht.net.au/results/2025-26/hyc/index.htm,hyc,2025-26,season/slug,404
https://www.topyacht.net.au/results/hyc/2025-26/club/index.htm,hyc,2025-26,slug/season/club,404
https://www.topyacht.net.au/results/2025-2026/hyc/index.htm,hyc,2025-2026,season/slug,404
https://www.topyacht.net.au/results/hyc/2025-2026/club/index.htm,hyc,2025-2026,slug/season/club,404
https://www.topyacht.net.au/results/2019/mcys/index.htm,mcys,2019,season/slug,404
https://www.topyacht.net.au/results/mcys/2019/club/index.htm,mcys,2019,slug/season/club,404
https://www.topyacht.net.au/results/2019-20/mcys/index.htm,mcys,2019-20,season/slug,404
https://www.topyacht.net.au/results/mcys/2019-20/club/index.htm,mcys,2019-20,slug/season/club,404
https://www.topyacht.net.au/results/2019-2020/mcys/index.htm,mcys,2019-2020,season/slug,404
https://www.topyacht.net.au/results/mcys/2019-2020/club/index.htm,mcys,2019-2020,slug/season/club,404
https://www.topyacht.net.au/results/2020/mcys/index.htm,mcys,2020,season/slug,404
https://www.topyacht.net.au/results/mcys/2020/club/index.htm,mcys,2020,slug/season/club,404
https://www.topyacht.net.au/results/2020-21/mcys/index.htm,mcys,2020-21,season/slug,404
https://www.topyacht.net.au/results/mcys/2020-21/club/index.htm,mcys,2020-21,slug/season/club,404
https://www.topyacht.net.au/results/2020-2021/mcys/index.htm,mcys,2020-2021,season/slug,404
https://www.topyacht.net.au/results/mcys/2020-2021/club/index.htm,mcys,2020-2021,slug/season/club,404
https://www.topyacht.net.au/results/2021/mcys/index.htm,mcys,2021,season/slug,404
https://www.topyacht.net.au/results/mcys/2021/club/index.htm,mcys,2021,slug/season/club,404
https://www.topyacht.net.au/results/2021-22/mcys/index.htm,mcys,2021-22,season/slug,404
https://www.topyacht.net.au/results/mcys/2021-22/club/index.htm,mcys,2021-22,slug/season/club,404
https://www.topyacht.net.au/results/2021-2022/mcys/index.htm,mcys,2021-2022,season/slug,404
https://www.topyacht.net.au/results/mcys/2021-2022/club/index.htm,mcys,2021-2022,slug/season/club,404
https://www.topyacht.net.au/results/2022/mcys/index.htm,mcys,2022,season/slug,404
https://www.topyacht.net.au/results/mcys/2022/club/index.htm,mcys,2022,slug/season/club,404
https://www.topyacht.net.au/results/2022-23/mcys/index.htm,mcys,2022-23,season/slug,404
https://www.topyacht.net.au/results/mcys/2022-23/club/index.htm,mcys,2022-23,slug/season/club,404
https://www.topyacht.net.au/results/2022-2023/mcys/index.htm,mcys,2022-2023,season/slug,404
https://www.topyacht.net.au/results/mcys/2022-2023/club/index.htm,mcys,2022-2023,slug/season/club,404
https://www.topyacht.net.au/results/2023/mcys/index.htm,mcys,2023,season/slug,404
https://www.topyacht.net.au/results/mcys/2023/club/index.htm,mcys,2023,slug/season/club,404
https://www.topyacht.net.au/results/2023-24/mcys/index.htm,mcys,2023-24,season/slug,404
https://www.topyacht.net.au/results/mcys/2023-24/club/index.htm,mcys,2023-24,slug/season/club,404
https://www.topyacht.net.au/results/2023-2024/mcys/index.htm,mcys,2023-2024,season/slug,404
https://www.topyacht.net.au/results/mcys/2023-2024/club/index.htm,mcys,2023-2024,slug/season/club,404
https://www.topyacht.net.au/results/2024/mcys/index.htm,mcys,2024,season/slug,404
https://www.topyacht.net.au/results/mcys/2024/club/index.htm,mcys,2024,slug/season/club,404
https://www.topyacht.net.au/results/2024-25/mcys/index.htm,mcys,2024-25,season/slug,404
https://www.topyacht.net.au/results/mcys/2024-25/club/index.htm,mcys,2024-25,slug/season/club,404
https://www.topyacht.net.au/results/2024-2025/mcys/index.htm,mcys,2024-2025,season/slug,404
https://www.topyacht.net.au/results/mcys/2024-2025/club/index.htm,mcys,2024-2025,slug/season/club,404
https://www.topyacht.net.au/results/2025/mcys/index.htm,mcys,2025,season/slug,404
https://www.topyacht.net.au/results/mcys/2025/club/index.htm,mcys,2025,slug/season/club,404
https://www.topyacht.net.au/results/2025-26/mcys/index.htm,mcys,2025-26,season/slug,404
https://www.topyacht.net.au/results/mcys/2025-26/club/index.htm,mcys,2025-26,slug/season/club,404
https://www.topyacht.net.au/results/2025-2026/mcys/index.htm,mcys,2025-2026,season/slug,404
https://www.topyacht.net.au/results/mcys/2025-2026/club/index.htm,mcys,2025-2026,slug/season/club,404
https://www.topyacht.net.au/results/2019/pasc/index.htm,pasc,2019,season/slug,404
https://www.topyacht.net.au/results/pasc/2019/club/index.htm,pasc,2019,slug/season/club,404
https://www.topyacht.net.au/results/2019-20/pasc/index.htm,pasc,2019-20,season/slug,404
https://www.topyacht.net.au/results/pasc/2019-20/club/index.htm,pasc,2019-20,slug/season/club,404
https://www.topyacht.net.au/results/2019-2020/pasc/index.htm,pasc,2019-2020,season/slug,404
https://www.topyacht.net.au/results/pasc/2019-2020/club/index.htm,pasc,2019-2020,slug/season/club,404
https://www.topyacht.net.au/results/2020/pasc/index.htm,pasc,2020,season/slug,404
https://www.topyacht.net.au/results/pasc/2020/club/index.htm,pasc,2020,slug/season/club,404
https://www.topyacht.net.au/results/2020-21/pasc/index.htm,pasc,2020-21,season/slug,404
https://www.topyacht.net.au/results/pasc/2020-21/club/index.htm,pasc,2020-21,slug/season/club,404
https://www.topyacht.net.au/results/2020-2021/pasc/index.htm,pasc,2020-2021,season/slug,404
https://www.topyacht.net.au/results/pasc/2020-2021/club/index.htm,pasc,2020-2021,slug/season/club,404
https://www.topyacht.net.au/results/2021/pasc/index.htm,pasc,2021,season/slug,404
https://www.topyacht.net.au/results/pasc/2021/club/index.htm,pasc,2021,slug/season/club,404
https://www.topyacht.net.au/results/2021-22/pasc/index.htm,pasc,2021-22,season/slug,404
https://www.topyacht.net.au/results/pasc/2021-22/club/index.htm,pasc,2021-22,slug/season/club,404
https://www.topyacht.net.au/results/2021-2022/pasc/index.htm,pasc,2021-2022,season/slug,404
https://www.topyacht.net.au/results/pasc/2021-2022/club/index.htm,pasc,2021-2022,slug/season/club,404
https://www.topyacht.net.au/results/2022/pasc/index.htm,pasc,2022,season/slug,404
https://www.topyacht.net.au/results/pasc/2022/club/index.htm,pasc,2022,slug/season/club,404
https://www.topyacht.net.au/results/2022-23/pasc/index.htm,pasc,2022-23,season/slug,404
https://www.topyacht.net.au/results/pasc/2022-23/club/index.htm,pasc,2022-23,slug/season/club,404
https://www.topyacht.net.au/results/2022-2023/pasc/index.htm,pasc,2022-2023,season/slug,404
https://www.topyacht.net.au/results/pasc/2022-2023/club/index.htm,pasc,2022-2023,slug/season/club,404
https://www.topyacht.net.au/results/2023/pasc/index.htm,pasc,2023,season/slug,404
https://www.topyacht.net.au/results/pasc/2023/club/index.htm,pasc,2023,slug/season/club,404
https://www.topyacht.net.au/results/2023-24/pasc/index.htm,pasc,2023-24,season/slug,404
https://www.topyacht.net.au/results/pasc/2023-24/club/index.htm,pasc,2023-24,slug/season/club,404
https://www.topyacht.net.au/results/2023-2024/pasc/index.htm,pasc,2023-2024,season/slug,404
https://www.topyacht.net.au/results/pasc/2023-2024/club/index.htm,pasc,2023-2024,slug/season/club,404
https://www.topyacht.net.au/results/2024/pasc/index.htm,pasc,2024,season/slug,404
https://www.topyacht.net.au/results/pasc/2024/club/index.htm,pasc,2024,slug/season/club,404
https://www.topyacht.net.au/results/2024-25/pasc/index.htm,pasc,2024-25,season/slug,404
https://www.topyacht.net.au/results/pasc/2024-25/club/index.htm,pasc,2024-25,slug/season/club,404
https://www.topyacht.net.au/results/2024-2025/pasc/index.htm,pasc,2024-2025,season/slug,404
https://www.topyacht.net.au/results/pasc/2024-2025/club/index.htm,pasc,2024-2025,slug/season/club,404
https://www.topyacht.net.au/results/2025/pasc/index.htm,pasc,2025,season/slug,404
https://www.topyacht.net.au/results/pasc/2025/club/index.htm,pasc,2025,slug/season/club,404
https://www.topyacht.net.au/results/2025-26/pasc/index.htm,pasc,2025-26,season/slug,404
https://www.topyacht.net.au/results/pasc/2025-26/club/index.htm,pasc,2025-26,slug/season/club,404
https://www.topyacht.net.au/results/2025-2026/pasc/index.htm,pasc,2025-2026,season/slug,404
https://www.topyacht.net.au/results/pasc/2025-2026/club/index.htm,pasc,2025-2026,slug/season/club,404
https://www.topyacht.net.au/results/2019/pcsc/index.htm,pcsc,2019,season/slug,404
https://www.topyacht.net.au/results/pcsc/2019/club/index.htm,pcsc,2019,slug/season/club,404
https://www.topyacht.net.au/results/2019-20/pcsc/index.htm,pcsc,2019-20,season/slug,404
https://www.topyacht.net.au/results/pcsc/2019-20/club/index.htm,pcsc,2019-20,slug/season/club,404
https://www.topyacht.net.au/results/2019-2020/pcsc/index.htm,pcsc,2019-2020,season/slug,404
https://www.topyacht.net.au/results/pcsc/2019-2020/club/index.htm,pcsc,2019-2020,slug/season/club,404
https://www.topyacht.net.au/results/2020/pcsc/index.htm,pcsc,2020,season/slug,404
https://www.topyacht.net.au/results/pcsc/2020/club/index.htm,pcsc,2020,slug/season/club,200
https://www.topyacht.net.au/results/2020-21/pcsc/index.htm,pcsc,2020-21,season/slug,404
https://www.topyacht.net.au/results/pcsc/2020-21/club/index.htm,pcsc,2020-21,slug/season/club,404
https://www.topyacht.net.au/results/2020-2021/pcsc/index.htm,pcsc,2020-2021,season/slug,404
https://www.topyacht.net.au/results/pcsc/2020-2021/club/index.htm,pcsc,2020-2021,slug/season/club,404
https://www.topyacht.net.au/results/2021/pcsc/index.htm,pcsc,2021,season/slug,404
https://www.topyacht.net.au/results/pcsc/2021/club/index.htm,pcsc,2021,slug/season/club,404
https://www.topyacht.net.au/results/2021-22/pcsc/index.htm,pcsc,2021-22,season/slug,404
https://www.topyacht.net.au/results/pcsc/2021-22/club/index.htm,pcsc,2021-22,slug/season/club,404
https://www.topyacht.net.au/results/2021-2022/pcsc/index.htm,pcsc,2021-2022,season/slug,404
https://www.topyacht.net.au/results/pcsc/2021-2022/club/index.htm,pcsc,2021-2022,slug/season/club,404
https://www.topyacht.net.au/results/2022/pcsc/index.htm,pcsc,2022,season/slug,404
https://www.topyacht.net.au/results/pcsc/2022/club/index.htm,pcsc,2022,slug/season/club,404
https://www.topyacht.net.au/results/2022-23/pcsc/index.htm,pcsc,2022-23,season/slug,404
https://www.topyacht.net.au/results/pcsc/2022-23/club/index.htm,pcsc,2022-23,slug/season/club,404
https://www.topyacht.net.au/results/2022-2023/pcsc/index.htm,pcsc,2022-2023,season/slug,404
https://www.topyacht.net.au/results/pcsc/2022-2023/club/index.htm,pcsc,2022-2023,slug/season/club,404
https://www.topyacht.net.au/results/2023/pcsc/index.htm,pcsc,2023,season/slug,404
https://www.topyacht.net.au/results/pcsc/2023/club/index.htm,pcsc,2023,slug/season/club,404
https://www.topyacht.net.au/results/2023-24/pcsc/index.htm,pcsc,2023-24,season/slug,404
https://www.topyacht.net.au/results/pcsc/2023-24/club/index.htm,pcsc,2023-24,slug/season/club,404
https://www.topyacht.net.au/results/2023-2024/pcsc/index.htm,pcsc,2023-2024,season/slug,404
https://www.topyacht.net.au/results/pcsc/2023-2024/club/index.htm,pcsc,2023-2024,slug/season/club,404
https://www.topyacht.net.au/results/2024/pcsc/index.htm,pcsc,2024,season/slug,404
https://www.topyacht.net.au/results/pcsc/2024/club/index.htm,pcsc,2024,slug/season/club,404
https://www.topyacht.net.au/results/2024-25/pcsc/index.htm,pcsc,2024-25,season/slug,404
https://www.topyacht.net.au/results/pcsc/2024-25/club/index.htm,pcsc,2024-25,slug/season/club,404
https://www.topyacht.net.au/results/2024-2025/pcsc/index.htm,pcsc,2024-2025,season/slug,404
https://www.topyacht.net.au/results/pcsc/2024-2025/club/index.htm,pcsc,2024-2025,slug/season/club,404
https://www.topyacht.net.au/results/2025/pcsc/index.htm,pcsc,2025,season/slug,404
https://www.topyacht.net.au/results/pcsc/2025/club/index.htm,pcsc,2025,slug/season/club,404
https://www.topyacht.net.au/results/2025-26/pcsc/index.htm,pcsc,2025-26,season/slug,404
https://www.topyacht.net.au/results/pcsc/2025-26/club/index.htm,pcsc,2025-26,slug/season/club,404
https://www.topyacht.net.au/results/2025-2026/pcsc/index.htm,pcsc,2025-2026,season/slug,404
https://www.topyacht.net.au/results/pcsc/2025-2026/club/index.htm,pcsc,2025-2026,slug/season/club,404
https://www.topyacht.net.au/results/2019/pdyc/index.htm,pdyc,2019,season/slug,404
https://www.topyacht.net.au/results/pdyc/2019/club/index.htm,pdyc,2019,slug/season/club,404
https://www.topyacht.net.au/results/2019-20/pdyc/index.htm,pdyc,2019-20,season/slug,404
https://www.topyacht.net.au/results/pdyc/2019-20/club/index.htm,pdyc,2019-20,slug/season/club,404
https://www.topyacht.net.au/results/2019-2020/pdyc/index.htm,pdyc,2019-2020,season/slug,404
https://www.topyacht.net.au/results/pdyc/2019-2020/club/index.htm,pdyc,2019-2020,slug/season/club,404
https://www.topyacht.net.au/results/2020/pdyc/index.htm,pdyc,2020,season/slug,404
https://www.topyacht.net.au/results/pdyc/2020/club/index.htm,pdyc,2020,slug/season/club,404
https://www.topyacht.net.au/results/2020-21/pdyc/index.htm,pdyc,2020-21,season/slug,404
https://www.topyacht.net.au/results/pdyc/2020-21/club/index.htm,pdyc,2020-21,slug/season/club,404
https://www.topyacht.net.au/results/2020-2021/pdyc/index.htm,pdyc,2020-2021,season/slug,404
https://www.topyacht.net.au/results/pdyc/2020-2021/club/index.htm,pdyc,2020-2021,slug/season/club,404
https://www.topyacht.net.au/results/2021/pdyc/index.htm,pdyc,2021,season/slug,404
https://www.topyacht.net.au/results/pdyc/2021/club/index.htm,pdyc,2021,slug/season/club,404
https://www.topyacht.net.au/results/2021-22/pdyc/index.htm,pdyc,2021-22,season/slug,404
https://www.topyacht.net.au/results/pdyc/2021-22/club/index.htm,pdyc,2021-22,slug/season/club,404
https://www.topyacht.net.au/results/2021-2022/pdyc/index.htm,pdyc,2021-2022,season/slug,404
https://www.topyacht.net.au/results/pdyc/2021-2022/club/index.htm,pdyc,2021-2022,slug/season/club,404
https://www.topyacht.net.au/results/2022/pdyc/index.htm,pdyc,2022,season/slug,404
https://www.topyacht.net.au/results/pdyc/2022/club/index.htm,pdyc,2022,slug/season/club,404
https://www.topyacht.net.au/results/2022-23/pdyc/index.htm,pdyc,2022-23,season/slug,404
https://www.topyacht.net.au/results/pdyc/2022-23/club/index.htm,pdyc,2022-23,slug/season/club,404
https://www.topyacht.net.au/results/2022-2023/pdyc/index.htm,pdyc,2022-2023,season/slug,404
https://www.topyacht.net.au/results/pdyc/2022-2023/club/index.htm,pdyc,2022-2023,slug/season/club,404
https://www.topyacht.net.au/results/2023/pdyc/index.htm,pdyc,2023,season/slug,404
https://www.topyacht.net.au/results/pdyc/2023/club/index.htm,pdyc,2023,slug/season/club,404
https://www.topyacht.net.au/results/2023-24/pdyc/index.htm,pdyc,2023-24,season/slug,404
https://www.topyacht.net.au/results/pdyc/2023-24/club/index.htm,pdyc,2023-24,slug/season/club,404
https://www.topyacht.net.au/results/2023-2024/pdyc/index.htm,pdyc,2023-2024,season/slug,404
https://www.topyacht.net.au/results/pdyc/2023-2024/club/index.htm,pdyc,2023-2024,slug/season/club,404
https://www.topyacht.net.au/results/2024/pdyc/index.htm,pdyc,2024,season/slug,404
https://www.topyacht.net.au/results/pdyc/2024/club/index.htm,pdyc,2024,slug/season/club,404
https://www.topyacht.net.au/results/2024-25/pdyc/index.htm,pdyc,2024-25,season/slug,404
https://www.topyacht.net.au/results/pdyc/2024-25/club/index.htm,pdyc,2024-25,slug/season/club,404
https://www.topyacht.net.au/results/2024-2025/pdyc/index.htm,pdyc,2024-2025,season/slug,404
https://www.topyacht.net.au/results/pdyc/2024-2025/club/index.htm,pdyc,2024-2025,slug/season/club,404
https://www.topyacht.net.au/results/2025/pdyc/index.htm,pdyc,2025,season/slug,404
https://www.topyacht.net.au/results/pdyc/2025/club/index.htm,pdyc,2025,slug/season/club,404
https://www.topyacht.net.au/results/2025-26/pdyc/index.htm,pdyc,2025-26,season/slug,404
https://www.topyacht.net.au/results/pdyc/2025-26/club/index.htm,pdyc,2025-26,slug/season/club,404
https://www.topyacht.net.au/results/2025-2026/pdyc/index.htm,pdyc,2025-2026,season/slug,404
https://www.topyacht.net.au/results/pdyc/2025-2026/club/index.htm,pdyc,2025-2026,slug/season/club,404
https://www.topyacht.net.au/results/2019/plyc/index.htm,plyc,2019,season/slug,404
https://www.topyacht.net.au/results/plyc/2019/club/index.htm,plyc,2019,slug/season/club,404
https://www.topyacht.net.au/results/2019-20/plyc/index.htm,plyc,2019-20,season/slug,404
https://www.topyacht.net.au/results/plyc/2019-20/club/index.htm,plyc,2019-20,slug/season/club,404
https://www.topyacht.net.au/results/2019-2020/plyc/index.htm,plyc,2019-2020,season/slug,404
https://www.topyacht.net.au/results/plyc/2019-2020/club/index.htm,plyc,2019-2020,slug/season/club,404
https://www.topyacht.net.au/results/2020/plyc/index.htm,plyc,2020,season/slug,404
https://www.topyacht.net.au/results/plyc/2020/club/index.htm,plyc,2020,slug/season/club,404
https://www.topyacht.net.au/results/2020-21/plyc/index.htm,plyc,2020-21,season/slug,404
https://www.topyacht.net.au/results/plyc/2020-21/club/index.htm,plyc,2020-21,slug/season/club,404
https://www.topyacht.net.au/results/2020-2021/plyc/index.htm,plyc,2020-2021,season/slug,404
https://www.topyacht.net.au/results/plyc/2020-2021/club/index.htm,plyc,2020-2021,slug/season/club,404
https://www.topyacht.net.au/results/2021/plyc/index.htm,plyc,2021,season/slug,404
https://www.topyacht.net.au/results/plyc/2021/club/index.htm,plyc,2021,slug/season/club,404
https://www.topyacht.net.au/results/2021-22/plyc/index.htm,plyc,2021-22,season/slug,404
https://www.topyacht.net.au/results/plyc/2021-22/club/index.htm,plyc,2021-22,slug/season/club,404
https://www.topyacht.net.au/results/2021-2022/plyc/index.htm,plyc,2021-2022,season/slug,404
https://www.topyacht.net.au/results/plyc/2021-2022/club/index.htm,plyc,2021-2022,slug/season/club,404
https://www.topyacht.net.au/results/2022/plyc/index.htm,plyc,2022,season/slug,404
https://www.topyacht.net.au/results/plyc/2022/club/index.htm,plyc,2022,slug/season/club,404
https://www.topyacht.net.au/results/2022-23/plyc/index.htm,plyc,2022-23,season/slug,404
https://www.topyacht.net.au/results/plyc/2022-23/club/index.htm,plyc,2022-23,slug/season/club,404
https://www.topyacht.net.au/results/2022-2023/plyc/index.htm,plyc,2022-2023,season/slug,404
https://www.topyacht.net.au/results/plyc/2022-2023/club/index.htm,plyc,2022-2023,slug/season/club,404
https://www.topyacht.net.au/results/2023/plyc/index.htm,plyc,2023,season/slug,404
https://www.topyacht.net.au/results/plyc/2023/club/index.htm,plyc,2023,slug/season/club,404
https://www.topyacht.net.au/results/2023-24/plyc/index.htm,plyc,2023-24,season/slug,404
https://www.topyacht.net.au/results/plyc/2023-24/club/index.htm,plyc,2023-24,slug/season/club,404
https://www.topyacht.net.au/results/2023-2024/plyc/index.htm,plyc,2023-2024,season/slug,404
https://www.topyacht.net.au/results/plyc/2023-2024/club/index.htm,plyc,2023-2024,slug/season/club,404
https://www.topyacht.net.au/results/2024/plyc/index.htm,plyc,2024,season/slug,404
https://www.topyacht.net.au/results/plyc/2024/club/index.htm,plyc,2024,slug/season/club,404
https://www.topyacht.net.au/results/2024-25/plyc/index.htm,plyc,2024-25,season/slug,404
https://www.topyacht.net.au/results/plyc/2024-25/club/index.htm,plyc,2024-25,slug/season/club,404
https://www.topyacht.net.au/results/2024-2025/plyc/index.htm,plyc,2024-2025,season/slug,404
https://www.topyacht.net.au/results/plyc/2024-2025/club/index.htm,plyc,2024-2025,slug/season/club,404
https://www.topyacht.net.au/results/2025/plyc/index.htm,plyc,2025,season/slug,404
https://www.topyacht.net.au/results/plyc/2025/club/index.htm,plyc,2025,slug/season/club,404
https://www.topyacht.net.au/results/2025-26/plyc/index.htm,plyc,2025-26,season/slug,404
https://www.topyacht.net.au/results/plyc/2025-26/club/index.htm,plyc,2025-26,slug/season/club,404
https://www.topyacht.net.au/results/2025-2026/plyc/index.htm,plyc,2025-2026,season/slug,404
https://www.topyacht.net.au/results/plyc/2025-2026/club/index.htm,plyc,2025-2026,slug/season/club,404
https://www.topyacht.net.au/results/2019/rbyc/index.htm,rbyc,2019,season/slug,404
https://www.topyacht.net.au/results/rbyc/2019/club/index.htm,rbyc,2019,slug/season/club,404
https://www.topyacht.net.au/results/2019-20/rbyc/index.htm,rbyc,2019-20,season/slug,404
https://www.topyacht.net.au/results/rbyc/2019-20/club/index.htm,rbyc,2019-20,slug/season/club,404
https://www.topyacht.net.au/results/2019-2020/rbyc/index.htm,rbyc,2019-2020,season/slug,404
https://www.topyacht.net.au/results/rbyc/2019-2020/club/index.htm,rbyc,2019-2020,slug/season/club,404
https://www.topyacht.net.au/results/2020/rbyc/index.htm,rbyc,2020,season/slug,404
https://www.topyacht.net.au/results/rbyc/2020/club/index.htm,rbyc,2020,slug/season/club,404
https://www.topyacht.net.au/results/2020-21/rbyc/index.htm,rbyc,2020-21,season/slug,404
https://www.topyacht.net.au/results/rbyc/2020-21/club/index.htm,rbyc,2020-21,slug/season/club,404
https://www.topyacht.net.au/results/2020-2021/rbyc/index.htm,rbyc,2020-2021,season/slug,404
https://www.topyacht.net.au/results/rbyc/2020-2021/club/index.htm,rbyc,2020-2021,slug/season/club,404
https://www.topyacht.net.au/results/2021/rbyc/index.htm,rbyc,2021,season/slug,404
https://www.topyacht.net.au/results/rbyc/2021/club/index.htm,rbyc,2021,slug/season/club,404
https://www.topyacht.net.au/results/2021-22/rbyc/index.htm,rbyc,2021-22,season/slug,404
https://www.topyacht.net.au/results/rbyc/2021-22/club/index.htm,rbyc,2021-22,slug/season/club,404
https://www.topyacht.net.au/results/2021-2022/rbyc/index.htm,rbyc,2021-2022,season/slug,404
https://www.topyacht.net.au/results/rbyc/2021-2022/club/index.htm,rbyc,2021-2022,slug/season/club,404
https://www.topyacht.net.au/results/2022/rbyc/index.htm,rbyc,2022,season/slug,404
https://www.topyacht.net.au/results/rbyc/2022/club/index.htm,rbyc,2022,slug/season/club,404
https://www.topyacht.net.au/results/2022-23/rbyc/index.htm,rbyc,2022-23,season/slug,404
https://www.topyacht.net.au/results/rbyc/2022-23/club/index.htm,rbyc,2022-23,slug/season/club,404
https://www.topyacht.net.au/results/2022-2023/rbyc/index.htm,rbyc,2022-2023,season/slug,404
https://www.topyacht.net.au/results/rbyc/2022-2023/club/index.htm,rbyc,2022-2023,slug/season/club,404
https://www.topyacht.net.au/results/2023/rbyc/index.htm,rbyc,2023,season/slug,404
https://www.topyacht.net.au/results/rbyc/2023/club/index.htm,rbyc,2023,slug/season/club,404
https://www.topyacht.net.au/results/2023-24/rbyc/index.htm,rbyc,2023-24,season/slug,404
https://www.topyacht.net.au/results/rbyc/2023-24/club/index.htm,rbyc,2023-24,slug/season/club,404
https://www.topyacht.net.au/results/2023-2024/rbyc/index.htm,rbyc,2023-2024,season/slug,404
https://www.topyacht.net.au/results/rbyc/2023-2024/club/index.htm,rbyc,2023-2024,slug/season/club,404
https://www.topyacht.net.au/results/2024/rbyc/index.htm,rbyc,2024,season/slug,404
https://www.topyacht.net.au/results/rbyc/2024/club/index.htm,rbyc,2024,slug/season/club,404
https://www.topyacht.net.au/results/2024-25/rbyc/index.htm,rbyc,2024-25,season/slug,404
https://www.topyacht.net.au/results/rbyc/2024-25/club/index.htm,rbyc,2024-25,slug/season/club,404
https://www.topyacht.net.au/results/2024-2025/rbyc/index.htm,rbyc,2024-2025,season/slug,404
https://www.topyacht.net.au/results/rbyc/2024-2025/club/index.htm,rbyc,2024-2025,slug/season/club,404
https://www.topyacht.net.au/results/2025/rbyc/index.htm,rbyc,2025,season/slug,404
https://www.topyacht.net.au/results/rbyc/2025/club/index.htm,rbyc,2025,slug/season/club,404
https://www.topyacht.net.au/results/2025-26/rbyc/index.htm,rbyc,2025-26,season/slug,404
https://www.topyacht.net.au/results/rbyc/2025-26/club/index.htm,rbyc,2025-26,slug/season/club,404
https://www.topyacht.net.au/results/2025-2026/rbyc/index.htm,rbyc,2025-2026,season/slug,404
https://www.topyacht.net.au/results/rbyc/2025-2026/club/index.htm,rbyc,2025-2026,slug/season/club,404
https://www.topyacht.net.au/results/2019/rfbyc/index.htm,rfbyc,2019,season/slug,404
https://www.topyacht.net.au/results/rfbyc/2019/club/index.htm,rfbyc,2019,slug/season/club,404
https://www.topyacht.net.au/results/2019-20/rfbyc/index.htm,rfbyc,2019-20,season/slug,404
https://www.topyacht.net.au/results/rfbyc/2019-20/club/index.htm,rfbyc,2019-20,slug/season/club,404
https://www.topyacht.net.au/results/2019-2020/rfbyc/index.htm,rfbyc,2019-2020,season/slug,404
https://www.topyacht.net.au/results/rfbyc/2019-2020/club/index.htm,rfbyc,2019-2020,slug/season/club,404
https://www.topyacht.net.au/results/2020/rfbyc/index.htm,rfbyc,2020,season/slug,404
https://www.topyacht.net.au/results/rfbyc/2020/club/index.htm,rfbyc,2020,slug/season/club,404
https://www.topyacht.net.au/results/2020-21/rfbyc/index.htm,rfbyc,2020-21,season/slug,404
https://www.topyacht.net.au/results/rfbyc/2020-21/club/index.htm,rfbyc,2020-21,slug/season/club,404
https://www.topyacht.net.au/results/2020-2021/rfbyc/index.htm,rfbyc,2020-2021,season/slug,404
https://www.topyacht.net.au/results/rfbyc/2020-2021/club/index.htm,rfbyc,2020-2021,slug/season/club,404
https://www.topyacht.net.au/results/2021/rfbyc/index.htm,rfbyc,2021,season/slug,404
https://www.topyacht.net.au/results/rfbyc/2021/club/index.htm,rfbyc,2021,slug/season/club,404
https://www.topyacht.net.au/results/2021-22/rfbyc/index.htm,rfbyc,2021-22,season/slug,404
https://www.topyacht.net.au/results/rfbyc/2021-22/club/index.htm,rfbyc,2021-22,slug/season/club,000000
https://www.topyacht.net.au/results/2021-2022/rfbyc/index.htm,rfbyc,2021-2022,season/slug,404
https://www.topyacht.net.au/results/rfbyc/2021-2022/club/index.htm,rfbyc,2021-2022,slug/season/club,404
https://www.topyacht.net.au/results/2022/rfbyc/index.htm,rfbyc,2022,season/slug,404
https://www.topyacht.net.au/results/rfbyc/2022/club/index.htm,rfbyc,2022,slug/season/club,404
https://www.topyacht.net.au/results/2022-23/rfbyc/index.htm,rfbyc,2022-23,season/slug,404
https://www.topyacht.net.au/results/rfbyc/2022-23/club/index.htm,rfbyc,2022-23,slug/season/club,404
https://www.topyacht.net.au/results/2022-2023/rfbyc/index.htm,rfbyc,2022-2023,season/slug,404
https://www.topyacht.net.au/results/rfbyc/2022-2023/club/index.htm,rfbyc,2022-2023,slug/season/club,404
https://www.topyacht.net.au/results/2023/rfbyc/index.htm,rfbyc,2023,season/slug,404
https://www.topyacht.net.au/results/rfbyc/2023/club/index.htm,rfbyc,2023,slug/season/club,404
https://www.topyacht.net.au/results/2023-24/rfbyc/index.htm,rfbyc,2023-24,season/slug,404
https://www.topyacht.net.au/results/rfbyc/2023-24/club/index.htm,rfbyc,2023-24,slug/season/club,404
https://www.topyacht.net.au/results/2023-2024/rfbyc/index.htm,rfbyc,2023-2024,season/slug,404
https://www.topyacht.net.au/results/rfbyc/2023-2024/club/index.htm,rfbyc,2023-2024,slug/season/club,404
https://www.topyacht.net.au/results/2024/rfbyc/index.htm,rfbyc,2024,season/slug,404
https://www.topyacht.net.au/results/rfbyc/2024/club/index.htm,rfbyc,2024,slug/season/club,404
https://www.topyacht.net.au/results/2024-25/rfbyc/index.htm,rfbyc,2024-25,season/slug,404
https://www.topyacht.net.au/results/rfbyc/2024-25/club/index.htm,rfbyc,2024-25,slug/season/club,404
https://www.topyacht.net.au/results/2024-2025/rfbyc/index.htm,rfbyc,2024-2025,season/slug,404
https://www.topyacht.net.au/results/rfbyc/2024-2025/club/index.htm,rfbyc,2024-2025,slug/season/club,404
https://www.topyacht.net.au/results/2025/rfbyc/index.htm,rfbyc,2025,season/slug,404
https://www.topyacht.net.au/results/rfbyc/2025/club/index.htm,rfbyc,2025,slug/season/club,404
https://www.topyacht.net.au/results/2025-26/rfbyc/index.htm,rfbyc,2025-26,season/slug,404
https://www.topyacht.net.au/results/rfbyc/2025-26/club/index.htm,rfbyc,2025-26,slug/season/club,404
https://www.topyacht.net.au/results/2025-2026/rfbyc/index.htm,rfbyc,2025-2026,season/slug,404
https://www.topyacht.net.au/results/rfbyc/2025-2026/club/index.htm,rfbyc,2025-2026,slug/season/club,404
https://www.topyacht.net.au/results/2019/rgyc/index.htm,rgyc,2019,season/slug,404
https://www.topyacht.net.au/results/rgyc/2019/club/index.htm,rgyc,2019,slug/season/club,404
https://www.topyacht.net.au/results/2019-20/rgyc/index.htm,rgyc,2019-20,season/slug,404
https://www.topyacht.net.au/results/rgyc/2019-20/club/index.htm,rgyc,2019-20,slug/season/club,404
https://www.topyacht.net.au/results/2019-2020/rgyc/index.htm,rgyc,2019-2020,season/slug,404
https://www.topyacht.net.au/results/rgyc/2019-2020/club/index.htm,rgyc,2019-2020,slug/season/club,404
https://www.topyacht.net.au/results/2020/rgyc/index.htm,rgyc,2020,season/slug,404
https://www.topyacht.net.au/results/rgyc/2020/club/index.htm,rgyc,2020,slug/season/club,404
https://www.topyacht.net.au/results/2020-21/rgyc/index.htm,rgyc,2020-21,season/slug,404
https://www.topyacht.net.au/results/rgyc/2020-21/club/index.htm,rgyc,2020-21,slug/season/club,404
https://www.topyacht.net.au/results/2020-2021/rgyc/index.htm,rgyc,2020-2021,season/slug,404
https://www.topyacht.net.au/results/rgyc/2020-2021/club/index.htm,rgyc,2020-2021,slug/season/club,404
https://www.topyacht.net.au/results/2021/rgyc/index.htm,rgyc,2021,season/slug,404
https://www.topyacht.net.au/results/rgyc/2021/club/index.htm,rgyc,2021,slug/season/club,404
https://www.topyacht.net.au/results/2021-22/rgyc/index.htm,rgyc,2021-22,season/slug,404
https://www.topyacht.net.au/results/rgyc/2021-22/club/index.htm,rgyc,2021-22,slug/season/club,404
https://www.topyacht.net.au/results/2021-2022/rgyc/index.htm,rgyc,2021-2022,season/slug,404
https://www.topyacht.net.au/results/rgyc/2021-2022/club/index.htm,rgyc,2021-2022,slug/season/club,404
https://www.topyacht.net.au/results/2022/rgyc/index.htm,rgyc,2022,season/slug,404
https://www.topyacht.net.au/results/rgyc/2022/club/index.htm,rgyc,2022,slug/season/club,404
https://www.topyacht.net.au/results/2022-23/rgyc/index.htm,rgyc,2022-23,season/slug,404
https://www.topyacht.net.au/results/rgyc/2022-23/club/index.htm,rgyc,2022-23,slug/season/club,404
https://www.topyacht.net.au/results/2022-2023/rgyc/index.htm,rgyc,2022-2023,season/slug,404
https://www.topyacht.net.au/results/rgyc/2022-2023/club/index.htm,rgyc,2022-2023,slug/season/club,404
https://www.topyacht.net.au/results/2023/rgyc/index.htm,rgyc,2023,season/slug,404
https://www.topyacht.net.au/results/rgyc/2023/club/index.htm,rgyc,2023,slug/season/club,404
https://www.topyacht.net.au/results/2023-24/rgyc/index.htm,rgyc,2023-24,season/slug,404
https://www.topyacht.net.au/results/rgyc/2023-24/club/index.htm,rgyc,2023-24,slug/season/club,404
https://www.topyacht.net.au/results/2023-2024/rgyc/index.htm,rgyc,2023-2024,season/slug,404
https://www.topyacht.net.au/results/rgyc/2023-2024/club/index.htm,rgyc,2023-2024,slug/season/club,404
https://www.topyacht.net.au/results/2024/rgyc/index.htm,rgyc,2024,season/slug,404
https://www.topyacht.net.au/results/rgyc/2024/club/index.htm,rgyc,2024,slug/season/club,404
https://www.topyacht.net.au/results/2024-25/rgyc/index.htm,rgyc,2024-25,season/slug,404
https://www.topyacht.net.au/results/rgyc/2024-25/club/index.htm,rgyc,2024-25,slug/season/club,404
https://www.topyacht.net.au/results/2024-2025/rgyc/index.htm,rgyc,2024-2025,season/slug,404
https://www.topyacht.net.au/results/rgyc/2024-2025/club/index.htm,rgyc,2024-2025,slug/season/club,404
https://www.topyacht.net.au/results/2025/rgyc/index.htm,rgyc,2025,season/slug,404
https://www.topyacht.net.au/results/rgyc/2025/club/index.htm,rgyc,2025,slug/season/club,404
https://www.topyacht.net.au/results/2025-26/rgyc/index.htm,rgyc,2025-26,season/slug,404
https://www.topyacht.net.au/results/rgyc/2025-26/club/index.htm,rgyc,2025-26,slug/season/club,404
https://www.topyacht.net.au/results/2025-2026/rgyc/index.htm,rgyc,2025-2026,season/slug,404
https://www.topyacht.net.au/results/rgyc/2025-2026/club/index.htm,rgyc,2025-2026,slug/season/club,404
https://www.topyacht.net.au/results/2019/rmys/index.htm,rmys,2019,season/slug,404
https://www.topyacht.net.au/results/rmys/2019/club/index.htm,rmys,2019,slug/season/club,404
https://www.topyacht.net.au/results/2019-20/rmys/index.htm,rmys,2019-20,season/slug,404
https://www.topyacht.net.au/results/rmys/2019-20/club/index.htm,rmys,2019-20,slug/season/club,404
https://www.topyacht.net.au/results/2019-2020/rmys/index.htm,rmys,2019-2020,season/slug,404
https://www.topyacht.net.au/results/rmys/2019-2020/club/index.htm,rmys,2019-2020,slug/season/club,404
https://www.topyacht.net.au/results/2020/rmys/index.htm,rmys,2020,season/slug,404
https://www.topyacht.net.au/results/rmys/2020/club/index.htm,rmys,2020,slug/season/club,404
https://www.topyacht.net.au/results/2020-21/rmys/index.htm,rmys,2020-21,season/slug,404
https://www.topyacht.net.au/results/rmys/2020-21/club/index.htm,rmys,2020-21,slug/season/club,404
https://www.topyacht.net.au/results/2020-2021/rmys/index.htm,rmys,2020-2021,season/slug,404
https://www.topyacht.net.au/results/rmys/2020-2021/club/index.htm,rmys,2020-2021,slug/season/club,404
https://www.topyacht.net.au/results/2021/rmys/index.htm,rmys,2021,season/slug,404
https://www.topyacht.net.au/results/rmys/2021/club/index.htm,rmys,2021,slug/season/club,404
https://www.topyacht.net.au/results/2021-22/rmys/index.htm,rmys,2021-22,season/slug,404
https://www.topyacht.net.au/results/rmys/2021-22/club/index.htm,rmys,2021-22,slug/season/club,404
https://www.topyacht.net.au/results/2021-2022/rmys/index.htm,rmys,2021-2022,season/slug,404
https://www.topyacht.net.au/results/rmys/2021-2022/club/index.htm,rmys,2021-2022,slug/season/club,404
https://www.topyacht.net.au/results/2022/rmys/index.htm,rmys,2022,season/slug,404
https://www.topyacht.net.au/results/rmys/2022/club/index.htm,rmys,2022,slug/season/club,404
https://www.topyacht.net.au/results/2022-23/rmys/index.htm,rmys,2022-23,season/slug,404
https://www.topyacht.net.au/results/rmys/2022-23/club/index.htm,rmys,2022-23,slug/season/club,404
https://www.topyacht.net.au/results/2022-2023/rmys/index.htm,rmys,2022-2023,season/slug,404
https://www.topyacht.net.au/results/rmys/2022-2023/club/index.htm,rmys,2022-2023,slug/season/club,404
https://www.topyacht.net.au/results/2023/rmys/index.htm,rmys,2023,season/slug,404
https://www.topyacht.net.au/results/rmys/2023/club/index.htm,rmys,2023,slug/season/club,404
https://www.topyacht.net.au/results/2023-24/rmys/index.htm,rmys,2023-24,season/slug,404
https://www.topyacht.net.au/results/rmys/2023-24/club/index.htm,rmys,2023-24,slug/season/club,404
https://www.topyacht.net.au/results/2023-2024/rmys/index.htm,rmys,2023-2024,season/slug,404
https://www.topyacht.net.au/results/rmys/2023-2024/club/index.htm,rmys,2023-2024,slug/season/club,404
https://www.topyacht.net.au/results/2024/rmys/index.htm,rmys,2024,season/slug,404
https://www.topyacht.net.au/results/rmys/2024/club/index.htm,rmys,2024,slug/season/club,404
https://www.topyacht.net.au/results/2024-25/rmys/index.htm,rmys,2024-25,season/slug,404
https://www.topyacht.net.au/results/rmys/2024-25/club/index.htm,rmys,2024-25,slug/season/club,404
https://www.topyacht.net.au/results/2024-2025/rmys/index.htm,rmys,2024-2025,season/slug,404
https://www.topyacht.net.au/results/rmys/2024-2025/club/index.htm,rmys,2024-2025,slug/season/club,404
https://www.topyacht.net.au/results/2025/rmys/index.htm,rmys,2025,season/slug,404
https://www.topyacht.net.au/results/rmys/2025/club/index.htm,rmys,2025,slug/season/club,404
https://www.topyacht.net.au/results/2025-26/rmys/index.htm,rmys,2025-26,season/slug,404
https://www.topyacht.net.au/results/rmys/2025-26/club/index.htm,rmys,2025-26,slug/season/club,404
https://www.topyacht.net.au/results/2025-2026/rmys/index.htm,rmys,2025-2026,season/slug,404
https://www.topyacht.net.au/results/rmys/2025-2026/club/index.htm,rmys,2025-2026,slug/season/club,404
https://www.topyacht.net.au/results/2019/rqys/index.htm,rqys,2019,season/slug,404
https://www.topyacht.net.au/results/rqys/2019/club/index.htm,rqys,2019,slug/season/club,404
https://www.topyacht.net.au/results/2019-20/rqys/index.htm,rqys,2019-20,season/slug,404
https://www.topyacht.net.au/results/rqys/2019-20/club/index.htm,rqys,2019-20,slug/season/club,404
https://www.topyacht.net.au/results/2019-2020/rqys/index.htm,rqys,2019-2020,season/slug,404
https://www.topyacht.net.au/results/rqys/2019-2020/club/index.htm,rqys,2019-2020,slug/season/club,404
https://www.topyacht.net.au/results/2020/rqys/index.htm,rqys,2020,season/slug,404
https://www.topyacht.net.au/results/rqys/2020/club/index.htm,rqys,2020,slug/season/club,404
https://www.topyacht.net.au/results/2020-21/rqys/index.htm,rqys,2020-21,season/slug,404
https://www.topyacht.net.au/results/rqys/2020-21/club/index.htm,rqys,2020-21,slug/season/club,404
https://www.topyacht.net.au/results/2020-2021/rqys/index.htm,rqys,2020-2021,season/slug,404
https://www.topyacht.net.au/results/rqys/2020-2021/club/index.htm,rqys,2020-2021,slug/season/club,404
https://www.topyacht.net.au/results/2021/rqys/index.htm,rqys,2021,season/slug,404
https://www.topyacht.net.au/results/rqys/2021/club/index.htm,rqys,2021,slug/season/club,404
https://www.topyacht.net.au/results/2021-22/rqys/index.htm,rqys,2021-22,season/slug,404
https://www.topyacht.net.au/results/rqys/2021-22/club/index.htm,rqys,2021-22,slug/season/club,404
https://www.topyacht.net.au/results/2021-2022/rqys/index.htm,rqys,2021-2022,season/slug,404
https://www.topyacht.net.au/results/rqys/2021-2022/club/index.htm,rqys,2021-2022,slug/season/club,404
https://www.topyacht.net.au/results/2022/rqys/index.htm,rqys,2022,season/slug,404
https://www.topyacht.net.au/results/rqys/2022/club/index.htm,rqys,2022,slug/season/club,404
https://www.topyacht.net.au/results/2022-23/rqys/index.htm,rqys,2022-23,season/slug,404
https://www.topyacht.net.au/results/rqys/2022-23/club/index.htm,rqys,2022-23,slug/season/club,404
https://www.topyacht.net.au/results/2022-2023/rqys/index.htm,rqys,2022-2023,season/slug,404
https://www.topyacht.net.au/results/rqys/2022-2023/club/index.htm,rqys,2022-2023,slug/season/club,404
https://www.topyacht.net.au/results/2023/rqys/index.htm,rqys,2023,season/slug,404
https://www.topyacht.net.au/results/rqys/2023/club/index.htm,rqys,2023,slug/season/club,404
https://www.topyacht.net.au/results/2023-24/rqys/index.htm,rqys,2023-24,season/slug,404
https://www.topyacht.net.au/results/rqys/2023-24/club/index.htm,rqys,2023-24,slug/season/club,404
https://www.topyacht.net.au/results/2023-2024/rqys/index.htm,rqys,2023-2024,season/slug,404
https://www.topyacht.net.au/results/rqys/2023-2024/club/index.htm,rqys,2023-2024,slug/season/club,404
https://www.topyacht.net.au/results/2024/rqys/index.htm,rqys,2024,season/slug,404
https://www.topyacht.net.au/results/rqys/2024/club/index.htm,rqys,2024,slug/season/club,404
https://www.topyacht.net.au/results/2024-25/rqys/index.htm,rqys,2024-25,season/slug,404
https://www.topyacht.net.au/results/rqys/2024-25/club/index.htm,rqys,2024-25,slug/season/club,404
https://www.topyacht.net.au/results/2024-2025/rqys/index.htm,rqys,2024-2025,season/slug,404
https://www.topyacht.net.au/results/rqys/2024-2025/club/index.htm,rqys,2024-2025,slug/season/club,404
https://www.topyacht.net.au/results/2025/rqys/index.htm,rqys,2025,season/slug,404
https://www.topyacht.net.au/results/rqys/2025/club/index.htm,rqys,2025,slug/season/club,404
https://www.topyacht.net.au/results/2025-26/rqys/index.htm,rqys,2025-26,season/slug,404
https://www.topyacht.net.au/results/rqys/2025-26/club/index.htm,rqys,2025-26,slug/season/club,404
https://www.topyacht.net.au/results/2025-2026/rqys/index.htm,rqys,2025-2026,season/slug,404
https://www.topyacht.net.au/results/rqys/2025-2026/club/index.htm,rqys,2025-2026,slug/season/club,404
https://www.topyacht.net.au/results/2019/rsays/index.htm,rsays,2019,season/slug,404
https://www.topyacht.net.au/results/rsays/2019/club/index.htm,rsays,2019,slug/season/club,404
https://www.topyacht.net.au/results/2019-20/rsays/index.htm,rsays,2019-20,season/slug,404
https://www.topyacht.net.au/results/rsays/2019-20/club/index.htm,rsays,2019-20,slug/season/club,404
https://www.topyacht.net.au/results/2019-2020/rsays/index.htm,rsays,2019-2020,season/slug,404
https://www.topyacht.net.au/results/rsays/2019-2020/club/index.htm,rsays,2019-2020,slug/season/club,404
https://www.topyacht.net.au/results/2020/rsays/index.htm,rsays,2020,season/slug,404
https://www.topyacht.net.au/results/rsays/2020/club/index.htm,rsays,2020,slug/season/club,404
https://www.topyacht.net.au/results/2020-21/rsays/index.htm,rsays,2020-21,season/slug,404
https://www.topyacht.net.au/results/rsays/2020-21/club/index.htm,rsays,2020-21,slug/season/club,404
https://www.topyacht.net.au/results/2020-2021/rsays/index.htm,rsays,2020-2021,season/slug,404
https://www.topyacht.net.au/results/rsays/2020-2021/club/index.htm,rsays,2020-2021,slug/season/club,404
https://www.topyacht.net.au/results/2021/rsays/index.htm,rsays,2021,season/slug,404
https://www.topyacht.net.au/results/rsays/2021/club/index.htm,rsays,2021,slug/season/club,404
https://www.topyacht.net.au/results/2021-22/rsays/index.htm,rsays,2021-22,season/slug,404
https://www.topyacht.net.au/results/rsays/2021-22/club/index.htm,rsays,2021-22,slug/season/club,404
https://www.topyacht.net.au/results/2021-2022/rsays/index.htm,rsays,2021-2022,season/slug,404
https://www.topyacht.net.au/results/rsays/2021-2022/club/index.htm,rsays,2021-2022,slug/season/club,404
https://www.topyacht.net.au/results/2022/rsays/index.htm,rsays,2022,season/slug,404
https://www.topyacht.net.au/results/rsays/2022/club/index.htm,rsays,2022,slug/season/club,404
https://www.topyacht.net.au/results/2022-23/rsays/index.htm,rsays,2022-23,season/slug,404
https://www.topyacht.net.au/results/rsays/2022-23/club/index.htm,rsays,2022-23,slug/season/club,404
https://www.topyacht.net.au/results/2022-2023/rsays/index.htm,rsays,2022-2023,season/slug,404
https://www.topyacht.net.au/results/rsays/2022-2023/club/index.htm,rsays,2022-2023,slug/season/club,404
https://www.topyacht.net.au/results/2023/rsays/index.htm,rsays,2023,season/slug,404
https://www.topyacht.net.au/results/rsays/2023/club/index.htm,rsays,2023,slug/season/club,404
https://www.topyacht.net.au/results/2023-24/rsays/index.htm,rsays,2023-24,season/slug,404
https://www.topyacht.net.au/results/rsays/2023-24/club/index.htm,rsays,2023-24,slug/season/club,404
https://www.topyacht.net.au/results/2023-2024/rsays/index.htm,rsays,2023-2024,season/slug,404
https://www.topyacht.net.au/results/rsays/2023-2024/club/index.htm,rsays,2023-2024,slug/season/club,404
https://www.topyacht.net.au/results/2024/rsays/index.htm,rsays,2024,season/slug,404
https://www.topyacht.net.au/results/rsays/2024/club/index.htm,rsays,2024,slug/season/club,404
https://www.topyacht.net.au/results/2024-25/rsays/index.htm,rsays,2024-25,season/slug,404
https://www.topyacht.net.au/results/rsays/2024-25/club/index.htm,rsays,2024-25,slug/season/club,404
https://www.topyacht.net.au/results/2024-2025/rsays/index.htm,rsays,2024-2025,season/slug,404
https://www.topyacht.net.au/results/rsays/2024-2025/club/index.htm,rsays,2024-2025,slug/season/club,404
https://www.topyacht.net.au/results/2025/rsays/index.htm,rsays,2025,season/slug,404
https://www.topyacht.net.au/results/rsays/2025/club/index.htm,rsays,2025,slug/season/club,404
https://www.topyacht.net.au/results/2025-26/rsays/index.htm,rsays,2025-26,season/slug,404
https://www.topyacht.net.au/results/rsays/2025-26/club/index.htm,rsays,2025-26,slug/season/club,404
https://www.topyacht.net.au/results/2025-2026/rsays/index.htm,rsays,2025-2026,season/slug,404
https://www.topyacht.net.au/results/rsays/2025-2026/club/index.htm,rsays,2025-2026,slug/season/club,404
https://www.topyacht.net.au/results/2019/ryct/index.htm,ryct,2019,season/slug,404
https://www.topyacht.net.au/results/ryct/2019/club/index.htm,ryct,2019,slug/season/club,404
https://www.topyacht.net.au/results/2019-20/ryct/index.htm,ryct,2019-20,season/slug,404
https://www.topyacht.net.au/results/ryct/2019-20/club/index.htm,ryct,2019-20,slug/season/club,404
https://www.topyacht.net.au/results/2019-2020/ryct/index.htm,ryct,2019-2020,season/slug,404
https://www.topyacht.net.au/results/ryct/2019-2020/club/index.htm,ryct,2019-2020,slug/season/club,404
https://www.topyacht.net.au/results/2020/ryct/index.htm,ryct,2020,season/slug,404
https://www.topyacht.net.au/results/ryct/2020/club/index.htm,ryct,2020,slug/season/club,404
https://www.topyacht.net.au/results/2020-21/ryct/index.htm,ryct,2020-21,season/slug,404
https://www.topyacht.net.au/results/ryct/2020-21/club/index.htm,ryct,2020-21,slug/season/club,404
https://www.topyacht.net.au/results/2020-2021/ryct/index.htm,ryct,2020-2021,season/slug,404
https://www.topyacht.net.au/results/ryct/2020-2021/club/index.htm,ryct,2020-2021,slug/season/club,404
https://www.topyacht.net.au/results/2021/ryct/index.htm,ryct,2021,season/slug,404
https://www.topyacht.net.au/results/ryct/2021/club/index.htm,ryct,2021,slug/season/club,404
https://www.topyacht.net.au/results/2021-22/ryct/index.htm,ryct,2021-22,season/slug,404
https://www.topyacht.net.au/results/ryct/2021-22/club/index.htm,ryct,2021-22,slug/season/club,404
https://www.topyacht.net.au/results/2021-2022/ryct/index.htm,ryct,2021-2022,season/slug,404
https://www.topyacht.net.au/results/ryct/2021-2022/club/index.htm,ryct,2021-2022,slug/season/club,404
https://www.topyacht.net.au/results/2022/ryct/index.htm,ryct,2022,season/slug,404
https://www.topyacht.net.au/results/ryct/2022/club/index.htm,ryct,2022,slug/season/club,404
https://www.topyacht.net.au/results/2022-23/ryct/index.htm,ryct,2022-23,season/slug,404
https://www.topyacht.net.au/results/ryct/2022-23/club/index.htm,ryct,2022-23,slug/season/club,404
https://www.topyacht.net.au/results/2022-2023/ryct/index.htm,ryct,2022-2023,season/slug,404
https://www.topyacht.net.au/results/ryct/2022-2023/club/index.htm,ryct,2022-2023,slug/season/club,404
https://www.topyacht.net.au/results/2023/ryct/index.htm,ryct,2023,season/slug,404
https://www.topyacht.net.au/results/ryct/2023/club/index.htm,ryct,2023,slug/season/club,404
https://www.topyacht.net.au/results/2023-24/ryct/index.htm,ryct,2023-24,season/slug,404
https://www.topyacht.net.au/results/ryct/2023-24/club/index.htm,ryct,2023-24,slug/season/club,404
https://www.topyacht.net.au/results/2023-2024/ryct/index.htm,ryct,2023-2024,season/slug,404
https://www.topyacht.net.au/results/ryct/2023-2024/club/index.htm,ryct,2023-2024,slug/season/club,404
https://www.topyacht.net.au/results/2024/ryct/index.htm,ryct,2024,season/slug,404
https://www.topyacht.net.au/results/ryct/2024/club/index.htm,ryct,2024,slug/season/club,404
https://www.topyacht.net.au/results/2024-25/ryct/index.htm,ryct,2024-25,season/slug,404
https://www.topyacht.net.au/results/ryct/2024-25/club/index.htm,ryct,2024-25,slug/season/club,404
https://www.topyacht.net.au/results/2024-2025/ryct/index.htm,ryct,2024-2025,season/slug,404
https://www.topyacht.net.au/results/ryct/2024-2025/club/index.htm,ryct,2024-2025,slug/season/club,404
https://www.topyacht.net.au/results/2025/ryct/index.htm,ryct,2025,season/slug,404
https://www.topyacht.net.au/results/ryct/2025/club/index.htm,ryct,2025,slug/season/club,404
https://www.topyacht.net.au/results/2025-26/ryct/index.htm,ryct,2025-26,season/slug,404
https://www.topyacht.net.au/results/ryct/2025-26/club/index.htm,ryct,2025-26,slug/season/club,404
https://www.topyacht.net.au/results/2025-2026/ryct/index.htm,ryct,2025-2026,season/slug,404
https://www.topyacht.net.au/results/ryct/2025-2026/club/index.htm,ryct,2025-2026,slug/season/club,404
https://www.topyacht.net.au/results/2019/rycv/index.htm,rycv,2019,season/slug,404
https://www.topyacht.net.au/results/rycv/2019/club/index.htm,rycv,2019,slug/season/club,404
https://www.topyacht.net.au/results/2019-20/rycv/index.htm,rycv,2019-20,season/slug,404
https://www.topyacht.net.au/results/rycv/2019-20/club/index.htm,rycv,2019-20,slug/season/club,404
https://www.topyacht.net.au/results/2019-2020/rycv/index.htm,rycv,2019-2020,season/slug,404
https://www.topyacht.net.au/results/rycv/2019-2020/club/index.htm,rycv,2019-2020,slug/season/club,404
https://www.topyacht.net.au/results/2020/rycv/index.htm,rycv,2020,season/slug,404
https://www.topyacht.net.au/results/rycv/2020/club/index.htm,rycv,2020,slug/season/club,404
https://www.topyacht.net.au/results/2020-21/rycv/index.htm,rycv,2020-21,season/slug,404
https://www.topyacht.net.au/results/rycv/2020-21/club/index.htm,rycv,2020-21,slug/season/club,404
https://www.topyacht.net.au/results/2020-2021/rycv/index.htm,rycv,2020-2021,season/slug,404
https://www.topyacht.net.au/results/rycv/2020-2021/club/index.htm,rycv,2020-2021,slug/season/club,404
https://www.topyacht.net.au/results/2021/rycv/index.htm,rycv,2021,season/slug,404
https://www.topyacht.net.au/results/rycv/2021/club/index.htm,rycv,2021,slug/season/club,404
https://www.topyacht.net.au/results/2021-22/rycv/index.htm,rycv,2021-22,season/slug,404
https://www.topyacht.net.au/results/rycv/2021-22/club/index.htm,rycv,2021-22,slug/season/club,404
https://www.topyacht.net.au/results/2021-2022/rycv/index.htm,rycv,2021-2022,season/slug,404
https://www.topyacht.net.au/results/rycv/2021-2022/club/index.htm,rycv,2021-2022,slug/season/club,404
https://www.topyacht.net.au/results/2022/rycv/index.htm,rycv,2022,season/slug,404
https://www.topyacht.net.au/results/rycv/2022/club/index.htm,rycv,2022,slug/season/club,404
https://www.topyacht.net.au/results/2022-23/rycv/index.htm,rycv,2022-23,season/slug,404
https://www.topyacht.net.au/results/rycv/2022-23/club/index.htm,rycv,2022-23,slug/season/club,404
https://www.topyacht.net.au/results/2022-2023/rycv/index.htm,rycv,2022-2023,season/slug,404
https://www.topyacht.net.au/results/rycv/2022-2023/club/index.htm,rycv,2022-2023,slug/season/club,404
https://www.topyacht.net.au/results/2023/rycv/index.htm,rycv,2023,season/slug,404
https://www.topyacht.net.au/results/rycv/2023/club/index.htm,rycv,2023,slug/season/club,404
https://www.topyacht.net.au/results/2023-24/rycv/index.htm,rycv,2023-24,season/slug,404
https://www.topyacht.net.au/results/rycv/2023-24/club/index.htm,rycv,2023-24,slug/season/club,404
https://www.topyacht.net.au/results/2023-2024/rycv/index.htm,rycv,2023-2024,season/slug,404
https://www.topyacht.net.au/results/rycv/2023-2024/club/index.htm,rycv,2023-2024,slug/season/club,404
https://www.topyacht.net.au/results/2024/rycv/index.htm,rycv,2024,season/slug,404
https://www.topyacht.net.au/results/rycv/2024/club/index.htm,rycv,2024,slug/season/club,404
https://www.topyacht.net.au/results/2024-25/rycv/index.htm,rycv,2024-25,season/slug,404
https://www.topyacht.net.au/results/rycv/2024-25/club/index.htm,rycv,2024-25,slug/season/club,404
https://www.topyacht.net.au/results/2024-2025/rycv/index.htm,rycv,2024-2025,season/slug,404
https://www.topyacht.net.au/results/rycv/2024-2025/club/index.htm,rycv,2024-2025,slug/season/club,404
https://www.topyacht.net.au/results/2025/rycv/index.htm,rycv,2025,season/slug,404
https://www.topyacht.net.au/results/rycv/2025/club/index.htm,rycv,2025,slug/season/club,404
https://www.topyacht.net.au/results/2025-26/rycv/index.htm,rycv,2025-26,season/slug,404
https://www.topyacht.net.au/results/rycv/2025-26/club/index.htm,rycv,2025-26,slug/season/club,404
https://www.topyacht.net.au/results/2025-2026/rycv/index.htm,rycv,2025-2026,season/slug,404
https://www.topyacht.net.au/results/rycv/2025-2026/club/index.htm,rycv,2025-2026,slug/season/club,404
https://www.topyacht.net.au/results/2019/sbsc/index.htm,sbsc,2019,season/slug,404
https://www.topyacht.net.au/results/sbsc/2019/club/index.htm,sbsc,2019,slug/season/club,404
https://www.topyacht.net.au/results/2019-20/sbsc/index.htm,sbsc,2019-20,season/slug,404
https://www.topyacht.net.au/results/sbsc/2019-20/club/index.htm,sbsc,2019-20,slug/season/club,404
https://www.topyacht.net.au/results/2019-2020/sbsc/index.htm,sbsc,2019-2020,season/slug,404
https://www.topyacht.net.au/results/sbsc/2019-2020/club/index.htm,sbsc,2019-2020,slug/season/club,404
https://www.topyacht.net.au/results/2020/sbsc/index.htm,sbsc,2020,season/slug,404
https://www.topyacht.net.au/results/sbsc/2020/club/index.htm,sbsc,2020,slug/season/club,404
https://www.topyacht.net.au/results/2020-21/sbsc/index.htm,sbsc,2020-21,season/slug,404
https://www.topyacht.net.au/results/sbsc/2020-21/club/index.htm,sbsc,2020-21,slug/season/club,404
https://www.topyacht.net.au/results/2020-2021/sbsc/index.htm,sbsc,2020-2021,season/slug,404
https://www.topyacht.net.au/results/sbsc/2020-2021/club/index.htm,sbsc,2020-2021,slug/season/club,404
https://www.topyacht.net.au/results/2021/sbsc/index.htm,sbsc,2021,season/slug,404
https://www.topyacht.net.au/results/sbsc/2021/club/index.htm,sbsc,2021,slug/season/club,404
https://www.topyacht.net.au/results/2021-22/sbsc/index.htm,sbsc,2021-22,season/slug,404
https://www.topyacht.net.au/results/sbsc/2021-22/club/index.htm,sbsc,2021-22,slug/season/club,404
https://www.topyacht.net.au/results/2021-2022/sbsc/index.htm,sbsc,2021-2022,season/slug,404
https://www.topyacht.net.au/results/sbsc/2021-2022/club/index.htm,sbsc,2021-2022,slug/season/club,404
https://www.topyacht.net.au/results/2022/sbsc/index.htm,sbsc,2022,season/slug,404
https://www.topyacht.net.au/results/sbsc/2022/club/index.htm,sbsc,2022,slug/season/club,404
https://www.topyacht.net.au/results/2022-23/sbsc/index.htm,sbsc,2022-23,season/slug,404
https://www.topyacht.net.au/results/sbsc/2022-23/club/index.htm,sbsc,2022-23,slug/season/club,404
https://www.topyacht.net.au/results/2022-2023/sbsc/index.htm,sbsc,2022-2023,season/slug,404
https://www.topyacht.net.au/results/sbsc/2022-2023/club/index.htm,sbsc,2022-2023,slug/season/club,404
https://www.topyacht.net.au/results/2023/sbsc/index.htm,sbsc,2023,season/slug,404
https://www.topyacht.net.au/results/sbsc/2023/club/index.htm,sbsc,2023,slug/season/club,404
https://www.topyacht.net.au/results/2023-24/sbsc/index.htm,sbsc,2023-24,season/slug,404
https://www.topyacht.net.au/results/sbsc/2023-24/club/index.htm,sbsc,2023-24,slug/season/club,404
https://www.topyacht.net.au/results/2023-2024/sbsc/index.htm,sbsc,2023-2024,season/slug,404
https://www.topyacht.net.au/results/sbsc/2023-2024/club/index.htm,sbsc,2023-2024,slug/season/club,404
https://www.topyacht.net.au/results/2024/sbsc/index.htm,sbsc,2024,season/slug,404
https://www.topyacht.net.au/results/sbsc/2024/club/index.htm,sbsc,2024,slug/season/club,404
https://www.topyacht.net.au/results/2024-25/sbsc/index.htm,sbsc,2024-25,season/slug,404
https://www.topyacht.net.au/results/sbsc/2024-25/club/index.htm,sbsc,2024-25,slug/season/club,404
https://www.topyacht.net.au/results/2024-2025/sbsc/index.htm,sbsc,2024-2025,season/slug,404
https://www.topyacht.net.au/results/sbsc/2024-2025/club/index.htm,sbsc,2024-2025,slug/season/club,404
https://www.topyacht.net.au/results/2025/sbsc/index.htm,sbsc,2025,season/slug,404
https://www.topyacht.net.au/results/sbsc/2025/club/index.htm,sbsc,2025,slug/season/club,404
https://www.topyacht.net.au/results/2025-26/sbsc/index.htm,sbsc,2025-26,season/slug,404
https://www.topyacht.net.au/results/sbsc/2025-26/club/index.htm,sbsc,2025-26,slug/season/club,404
https://www.topyacht.net.au/results/2025-2026/sbsc/index.htm,sbsc,2025-2026,season/slug,404
https://www.topyacht.net.au/results/sbsc/2025-2026/club/index.htm,sbsc,2025-2026,slug/season/club,404
https://www.topyacht.net.au/results/2019/sbyc/index.htm,sbyc,2019,season/slug,404
https://www.topyacht.net.au/results/sbyc/2019/club/index.htm,sbyc,2019,slug/season/club,404
https://www.topyacht.net.au/results/2019-20/sbyc/index.htm,sbyc,2019-20,season/slug,404
https://www.topyacht.net.au/results/sbyc/2019-20/club/index.htm,sbyc,2019-20,slug/season/club,404
https://www.topyacht.net.au/results/2019-2020/sbyc/index.htm,sbyc,2019-2020,season/slug,404
https://www.topyacht.net.au/results/sbyc/2019-2020/club/index.htm,sbyc,2019-2020,slug/season/club,404
https://www.topyacht.net.au/results/2020/sbyc/index.htm,sbyc,2020,season/slug,404
https://www.topyacht.net.au/results/sbyc/2020/club/index.htm,sbyc,2020,slug/season/club,404
https://www.topyacht.net.au/results/2020-21/sbyc/index.htm,sbyc,2020-21,season/slug,404
https://www.topyacht.net.au/results/sbyc/2020-21/club/index.htm,sbyc,2020-21,slug/season/club,404
https://www.topyacht.net.au/results/2020-2021/sbyc/index.htm,sbyc,2020-2021,season/slug,404
https://www.topyacht.net.au/results/sbyc/2020-2021/club/index.htm,sbyc,2020-2021,slug/season/club,404
https://www.topyacht.net.au/results/2021/sbyc/index.htm,sbyc,2021,season/slug,404
https://www.topyacht.net.au/results/sbyc/2021/club/index.htm,sbyc,2021,slug/season/club,404
https://www.topyacht.net.au/results/2021-22/sbyc/index.htm,sbyc,2021-22,season/slug,404
https://www.topyacht.net.au/results/sbyc/2021-22/club/index.htm,sbyc,2021-22,slug/season/club,404
https://www.topyacht.net.au/results/2021-2022/sbyc/index.htm,sbyc,2021-2022,season/slug,404
https://www.topyacht.net.au/results/sbyc/2021-2022/club/index.htm,sbyc,2021-2022,slug/season/club,404
https://www.topyacht.net.au/results/2022/sbyc/index.htm,sbyc,2022,season/slug,404
https://www.topyacht.net.au/results/sbyc/2022/club/index.htm,sbyc,2022,slug/season/club,404
https://www.topyacht.net.au/results/2022-23/sbyc/index.htm,sbyc,2022-23,season/slug,404
https://www.topyacht.net.au/results/sbyc/2022-23/club/index.htm,sbyc,2022-23,slug/season/club,404
https://www.topyacht.net.au/results/2022-2023/sbyc/index.htm,sbyc,2022-2023,season/slug,404
https://www.topyacht.net.au/results/sbyc/2022-2023/club/index.htm,sbyc,2022-2023,slug/season/club,404
https://www.topyacht.net.au/results/2023/sbyc/index.htm,sbyc,2023,season/slug,404
https://www.topyacht.net.au/results/sbyc/2023/club/index.htm,sbyc,2023,slug/season/club,404
https://www.topyacht.net.au/results/2023-24/sbyc/index.htm,sbyc,2023-24,season/slug,404
https://www.topyacht.net.au/results/sbyc/2023-24/club/index.htm,sbyc,2023-24,slug/season/club,404
https://www.topyacht.net.au/results/2023-2024/sbyc/index.htm,sbyc,2023-2024,season/slug,404
https://www.topyacht.net.au/results/sbyc/2023-2024/club/index.htm,sbyc,2023-2024,slug/season/club,404
https://www.topyacht.net.au/results/2024/sbyc/index.htm,sbyc,2024,season/slug,404
https://www.topyacht.net.au/results/sbyc/2024/club/index.htm,sbyc,2024,slug/season/club,404
https://www.topyacht.net.au/results/2024-25/sbyc/index.htm,sbyc,2024-25,season/slug,404
https://www.topyacht.net.au/results/sbyc/2024-25/club/index.htm,sbyc,2024-25,slug/season/club,404
https://www.topyacht.net.au/results/2024-2025/sbyc/index.htm,sbyc,2024-2025,season/slug,404
https://www.topyacht.net.au/results/sbyc/2024-2025/club/index.htm,sbyc,2024-2025,slug/season/club,404
https://www.topyacht.net.au/results/2025/sbyc/index.htm,sbyc,2025,season/slug,404
https://www.topyacht.net.au/results/sbyc/2025/club/index.htm,sbyc,2025,slug/season/club,404
https://www.topyacht.net.au/results/2025-26/sbyc/index.htm,sbyc,2025-26,season/slug,404
https://www.topyacht.net.au/results/sbyc/2025-26/club/index.htm,sbyc,2025-26,slug/season/club,404
https://www.topyacht.net.au/results/2025-2026/sbyc/index.htm,sbyc,2025-2026,season/slug,404
https://www.topyacht.net.au/results/sbyc/2025-2026/club/index.htm,sbyc,2025-2026,slug/season/club,404
https://www.topyacht.net.au/results/2019/syc/index.htm,syc,2019,season/slug,404
https://www.topyacht.net.au/results/syc/2019/club/index.htm,syc,2019,slug/season/club,404
https://www.topyacht.net.au/results/2019-20/syc/index.htm,syc,2019-20,season/slug,404
https://www.topyacht.net.au/results/syc/2019-20/club/index.htm,syc,2019-20,slug/season/club,404
https://www.topyacht.net.au/results/2019-2020/syc/index.htm,syc,2019-2020,season/slug,404
https://www.topyacht.net.au/results/syc/2019-2020/club/index.htm,syc,2019-2020,slug/season/club,404
https://www.topyacht.net.au/results/2020/syc/index.htm,syc,2020,season/slug,404
https://www.topyacht.net.au/results/syc/2020/club/index.htm,syc,2020,slug/season/club,404
https://www.topyacht.net.au/results/2020-21/syc/index.htm,syc,2020-21,season/slug,404
https://www.topyacht.net.au/results/syc/2020-21/club/index.htm,syc,2020-21,slug/season/club,404
https://www.topyacht.net.au/results/2020-2021/syc/index.htm,syc,2020-2021,season/slug,404
https://www.topyacht.net.au/results/syc/2020-2021/club/index.htm,syc,2020-2021,slug/season/club,404
https://www.topyacht.net.au/results/2021/syc/index.htm,syc,2021,season/slug,404
https://www.topyacht.net.au/results/syc/2021/club/index.htm,syc,2021,slug/season/club,404
https://www.topyacht.net.au/results/2021-22/syc/index.htm,syc,2021-22,season/slug,404
https://www.topyacht.net.au/results/syc/2021-22/club/index.htm,syc,2021-22,slug/season/club,404
https://www.topyacht.net.au/results/2021-2022/syc/index.htm,syc,2021-2022,season/slug,404
https://www.topyacht.net.au/results/syc/2021-2022/club/index.htm,syc,2021-2022,slug/season/club,404
https://www.topyacht.net.au/results/2022/syc/index.htm,syc,2022,season/slug,404
https://www.topyacht.net.au/results/syc/2022/club/index.htm,syc,2022,slug/season/club,404
https://www.topyacht.net.au/results/2022-23/syc/index.htm,syc,2022-23,season/slug,404
https://www.topyacht.net.au/results/syc/2022-23/club/index.htm,syc,2022-23,slug/season/club,404
https://www.topyacht.net.au/results/2022-2023/syc/index.htm,syc,2022-2023,season/slug,404
https://www.topyacht.net.au/results/syc/2022-2023/club/index.htm,syc,2022-2023,slug/season/club,404
https://www.topyacht.net.au/results/2023/syc/index.htm,syc,2023,season/slug,404
https://www.topyacht.net.au/results/syc/2023/club/index.htm,syc,2023,slug/season/club,404
https://www.topyacht.net.au/results/2023-24/syc/index.htm,syc,2023-24,season/slug,404
https://www.topyacht.net.au/results/syc/2023-24/club/index.htm,syc,2023-24,slug/season/club,404
https://www.topyacht.net.au/results/2023-2024/syc/index.htm,syc,2023-2024,season/slug,404
https://www.topyacht.net.au/results/syc/2023-2024/club/index.htm,syc,2023-2024,slug/season/club,404
https://www.topyacht.net.au/results/2024/syc/index.htm,syc,2024,season/slug,404
https://www.topyacht.net.au/results/syc/2024/club/index.htm,syc,2024,slug/season/club,404
https://www.topyacht.net.au/results/2024-25/syc/index.htm,syc,2024-25,season/slug,404
https://www.topyacht.net.au/results/syc/2024-25/club/index.htm,syc,2024-25,slug/season/club,404
https://www.topyacht.net.au/results/2024-2025/syc/index.htm,syc,2024-2025,season/slug,404
https://www.topyacht.net.au/results/syc/2024-2025/club/index.htm,syc,2024-2025,slug/season/club,404
https://www.topyacht.net.au/results/2025/syc/index.htm,syc,2025,season/slug,404
https://www.topyacht.net.au/results/syc/2025/club/index.htm,syc,2025,slug/season/club,404
https://www.topyacht.net.au/results/2025-26/syc/index.htm,syc,2025-26,season/slug,404
https://www.topyacht.net.au/results/syc/2025-26/club/index.htm,syc,2025-26,slug/season/club,404
